LotArea,BldgType,HouseStyle,YearBuilt,YearRemodAdd,RoofStyle,BsmtFinSF1,BsmtUnfSF,Electrical,GrLivArea,FullBath,HalfBath,BedroomAbvGr,TotRmsAbvGrd,Fireplaces,GarageYrBlt,GarageCars,GarageArea,WoodDeckSF,OpenPorchSF,PoolArea,YrSold,SalePrice
31770,1Fam,1Story,1960,1960,Hip,639,441,SB,1656,1,0,3,7,2,1960,2,528,210,62,0,2010,215000
11622,1Fam,1Story,1961,1961,Gable,468,270,SB,896,1,0,2,5,0,1961,1,730,140,0,0,2010,105000
14267,1Fam,1Story,1958,1958,Hip,923,406,SB,1329,1,1,3,6,0,1958,1,312,393,36,0,2010,172000
11160,1Fam,1Story,1968,1968,Hip,1065,1045,SB,2110,2,1,3,8,2,1968,2,522,0,0,0,2010,244000
13830,1Fam,2Story,1997,1998,Gable,791,137,SB,1629,2,1,3,6,1,1997,2,482,212,34,0,2010,189900
9978,1Fam,2Story,1998,1998,Gable,602,324,SB,1604,2,1,3,7,1,1998,2,470,360,36,0,2010,195500
4920,TwnhsE,1Story,2001,2001,Gable,616,722,SB,1338,2,0,2,6,0,2001,2,582,0,0,0,2010,213500
5005,TwnhsE,1Story,1992,1992,Gable,263,1017,SB,1280,2,0,2,5,0,1992,2,506,0,82,0,2010,191500
5389,TwnhsE,1Story,1995,1996,Gable,1180,415,SB,1616,2,0,2,5,1,1995,2,608,237,152,0,2010,236500
7500,1Fam,2Story,1999,1999,Gable,0,994,SB,1804,2,1,3,7,1,1999,2,442,140,60,0,2010,189000
10000,1Fam,2Story,1993,1994,Gable,0,763,SB,1655,2,1,3,7,1,1993,2,440,157,84,0,2010,175900
7980,1Fam,1Story,1992,2007,Gable,935,233,SB,1187,2,0,3,6,0,1992,2,420,483,21,0,2010,185000
8402,1Fam,2Story,1998,1998,Gable,0,789,SB,1465,2,1,3,7,1,1998,2,393,0,75,0,2010,180400
10176,1Fam,1Story,1990,1990,Gable,637,663,SB,1341,1,1,2,5,1,1990,2,506,192,0,0,2010,171500
6820,TwnhsE,1Story,1985,1985,Gable,368,0,SB,1502,1,1,1,4,0,1985,2,528,0,54,0,2010,212000
12134,1Fam,1.5Fin,1988,2005,Gable,427,132,SB,1752,2,0,4,8,0,1988,2,492,325,12,0,2010,164000
11394,1Fam,1Story,2010,2010,Hip,1445,411,SB,1856,1,1,1,8,1,2010,3,834,113,0,0,2010,394432
19138,1Fam,1Story,1951,1951,Gable,120,744,SB,864,1,0,2,4,0,1951,2,400,0,0,0,2010,141000
13175,1Fam,1Story,1978,1988,Gable,790,589,SB,2073,2,0,3,7,2,1978,2,500,349,0,0,2010,210000
11751,1Fam,1Story,1977,1977,Hip,705,1139,SB,1844,2,0,3,7,1,1977,2,546,0,122,0,2010,190000
10625,1Fam,SFoyer,1974,1974,Gable,885,0,SB,1173,2,0,3,6,2,1974,2,528,0,120,0,2010,170000
7500,1Fam,2Story,2000,2000,Gable,533,281,SB,1674,2,1,3,7,0,2000,2,663,0,96,0,2010,216000
11241,1Fam,1Story,1970,1970,Gable,578,426,SB,1004,1,0,2,5,1,1970,2,480,0,0,0,2010,149000
12537,1Fam,1Story,1971,2008,Gable,734,344,SB,1078,1,1,3,6,1,1971,2,500,0,0,0,2010,149900
8450,1Fam,1Story,1968,1968,Gable,775,281,SB,1056,1,0,3,6,1,1968,1,304,0,85,0,2010,142000
8400,1Fam,1Story,1970,1970,Gable,804,0,SB,882,1,0,2,4,0,1970,2,525,240,0,0,2010,126000
10500,1Fam,1Story,1971,1971,Gable,432,432,SB,864,1,0,3,5,1,0,0,0,0,0,0,2010,115000
5858,TwnhsE,1Story,1999,1999,Gable,1051,354,SB,1337,2,0,2,5,1,1999,2,511,203,68,0,2010,184000
1680,Twnhs,2Story,1971,1971,Gable,156,327,SB,987,1,1,2,5,0,1971,1,264,275,0,0,2010,96000
1680,Twnhs,2Story,1971,1971,Gable,300,225,SB,1092,1,1,3,6,0,1997,1,320,0,0,0,2010,105500
1680,Twnhs,2Story,1971,1971,Gable,0,525,SB,1092,1,1,3,6,0,1971,1,264,0,0,0,2010,88000
4043,TwnhsE,1Story,1977,1977,Gable,360,709,SB,1069,2,0,2,4,1,1977,2,440,0,55,0,2010,127500
2280,Twnhs,2Story,1975,1975,Gable,514,341,SB,1456,2,1,3,6,1,1975,2,440,173,0,0,2010,149900
2280,Twnhs,1Story,1975,1975,Gable,0,836,SB,836,1,0,2,4,0,1975,1,308,0,30,0,2010,120000
2280,Twnhs,2Story,1978,1978,Gable,311,544,SB,1456,2,1,3,7,1,1978,2,440,26,0,0,2010,146000
12858,1Fam,2Story,2009,2010,Gable,0,1590,SB,2334,2,1,3,10,1,2009,3,751,144,133,0,2010,376162
11478,1Fam,1Story,2007,2008,Gable,1218,486,SB,1704,2,0,3,7,1,2008,3,772,0,50,0,2010,306000
10159,1Fam,1Story,2009,2010,Hip,1646,284,SB,1940,2,1,3,8,1,2010,3,606,168,95,0,2010,395192
12883,1Fam,1Story,2009,2010,Gable,0,1544,SB,1544,2,0,3,7,0,2009,3,868,0,35,0,2010,290941
12182,1Fam,1Story,2005,2005,Gable,1201,340,SB,1541,2,0,3,7,1,2005,2,532,0,70,0,2010,220000
11520,1Fam,1Story,2005,2005,Hip,110,1588,SB,1698,2,0,3,7,1,2005,3,730,192,74,0,2010,275000
14122,1Fam,1Story,2005,2006,Hip,28,1794,SB,1822,2,0,3,8,1,2005,3,678,0,119,0,2010,259000
10171,1Fam,1Story,2004,2004,Gable,2,1515,SB,1535,2,0,3,7,0,2004,2,532,0,0,0,2010,214000
6371,TwnhsE,1Story,2009,2010,Gable,733,625,SB,1358,2,0,2,6,1,2010,2,484,192,35,0,2010,224000
13650,1Fam,2Story,2002,2002,Gable,578,1093,SB,2250,2,1,3,7,1,2002,3,756,238,130,0,2010,320000
7658,TwnhsE,1Story,2005,2005,Hip,456,1296,SB,1752,2,0,2,6,1,2005,2,576,196,82,0,2010,319900
7132,TwnhsE,1Story,2006,2006,Gable,24,1346,SB,1370,2,0,2,6,1,2006,2,484,120,49,0,2010,205000
2628,Twnhs,2Story,2003,2003,Gable,0,764,SB,1626,2,1,2,6,0,2003,2,474,0,27,0,2010,175500
18494,1Fam,1Story,2005,2005,Gable,0,1324,SB,1324,2,0,3,6,0,2005,2,430,36,23,0,2010,199500
3203,TwnhsE,1Story,2006,2006,Gable,16,1129,SB,1145,2,0,2,6,0,2006,2,437,100,116,0,2010,160000
3182,TwnhsE,1Story,2004,2005,Gable,24,1232,SB,1269,2,0,2,6,1,2004,2,430,146,20,0,2010,192000
13300,1Fam,SLvl,2004,2004,Gable,326,58,SB,1374,2,1,3,7,1,2004,2,400,100,0,0,2010,184500
8577,1Fam,2Story,2004,2004,Gable,0,847,SB,1733,2,1,3,7,1,2004,2,433,144,48,0,2010,185088
7750,1Fam,SLvl,2000,2000,Gable,250,134,SB,1430,2,1,3,7,1,2000,2,400,180,0,0,2010,180000
9505,1Fam,2Story,2001,2001,Gable,0,884,SB,2035,2,1,3,8,1,2001,2,434,144,48,0,2010,222500
14774,1Fam,2Story,1999,1999,Gable,0,1393,SB,2599,2,1,4,10,1,1999,3,779,668,30,0,2010,333168
17433,1Fam,2Story,1998,1998,Hip,0,1629,SB,2475,2,1,4,7,1,1998,3,962,23,172,0,2010,355000
10593,1Fam,1Story,1996,1996,Hip,919,801,SB,1720,2,0,3,7,1,1996,2,527,240,56,0,2010,260400
12256,1Fam,2Story,1994,1995,Gable,1032,431,SB,2622,2,1,3,9,2,1994,2,712,186,32,0,2010,325000
11764,1Fam,2Story,1999,2007,Gable,524,628,SB,2270,2,1,4,9,1,1999,3,671,132,57,0,2010,290000
16770,1Fam,2Story,1998,1998,Gable,0,1195,SB,1839,2,1,4,7,0,1998,2,486,0,81,0,2010,221000
14720,1Fam,1.5Fin,1995,1996,Hip,816,1217,SB,3238,2,1,4,9,1,1996,3,666,283,86,0,2010,410000
9215,1Fam,1Story,2009,2010,Hip,0,1218,SB,1218,2,0,2,4,0,2009,2,676,0,136,0,2010,204500
8640,1Fam,2Story,2009,2009,Gable,24,732,SB,1547,2,1,3,7,0,2009,2,614,169,45,0,2010,215200
9000,1Fam,1Story,2008,2008,Gable,1078,488,SB,1566,2,0,3,7,0,2008,2,750,144,168,0,2010,262500
12552,1Fam,2Story,2004,2005,Gable,222,769,SB,1947,2,1,3,8,1,2004,2,678,0,136,0,2010,254900
10440,1Fam,1Story,2005,2005,Gable,1414,54,SB,1468,2,0,2,6,1,2005,2,528,0,102,0,2010,271500
10142,1Fam,2Story,2004,2004,Gable,656,300,SB,2084,2,1,4,8,0,2004,2,618,0,45,0,2010,233000
11920,1Fam,2Story,2004,2004,Gable,0,831,SB,1659,2,1,3,8,0,2004,2,484,144,68,0,2010,181000
8880,1Fam,2Story,1994,2002,Gable,695,253,SB,2110,2,1,3,8,2,1994,2,463,0,130,0,2010,205000
8012,TwnhsE,1Story,1980,1980,Gable,543,261,SB,923,2,0,2,5,1,1980,1,264,80,0,0,2010,143000
11218,1Fam,2Story,1992,1992,Gable,0,1055,SB,1845,2,1,3,8,1,1992,2,462,635,104,0,2010,189000
7892,TwnhsE,1Story,1979,1979,Gable,0,918,SB,918,2,0,2,5,1,1979,1,264,28,0,0,2010,99500
7175,TwnhsE,1Story,1984,1984,Gable,623,0,SB,752,1,0,2,4,0,1984,1,264,353,0,0,2010,125000
9453,1Fam,2Story,1993,2003,Gable,402,594,SB,1744,2,1,3,7,0,1993,2,457,370,70,0,2010,194500
9672,1Fam,1Story,1984,1985,Hip,338,702,SB,1097,2,0,3,6,0,1986,2,480,0,0,0,2010,152000
8400,1Fam,2Story,1980,1981,Gable,0,650,SB,1564,2,1,3,7,1,1980,2,476,0,50,0,2010,171000
9800,1Fam,1Story,1920,1950,Gable,0,816,FA,1012,1,0,2,5,0,1920,1,429,121,0,0,2010,67500
8930,Duplex,1.5Fin,1978,1978,Gable,0,0,SB,1902,2,0,4,8,0,1978,2,539,0,0,0,2010,112000
11782,1Fam,SFoyer,1961,1995,Gable,899,210,SB,1155,1,0,3,6,0,1987,2,576,192,0,0,2010,148000
8450,1Fam,1Story,1965,2009,Gable,553,224,SB,894,1,0,3,5,1,1973,1,336,416,144,0,2010,138500
9819,1Fam,1Story,1967,1967,Gable,450,432,SB,900,1,0,3,5,0,1970,1,280,0,0,0,2010,122000
7500,1Fam,1Story,1963,1963,Gable,824,216,SB,1040,1,1,3,5,0,1963,1,308,0,0,0,2010,133000
6897,1Fam,1Story,1962,2010,Gable,659,381,SB,1040,1,1,3,6,0,1962,1,260,0,104,0,2010,127000
15410,1Fam,1Story,1974,2002,Hip,126,223,SB,1494,2,0,3,7,2,1974,2,461,296,0,0,2010,169000
10186,1Fam,2Story,1992,1992,Gable,674,76,SB,1923,2,1,3,8,1,1992,2,564,240,39,0,2010,190000
13143,1Fam,2Story,1993,1993,Gable,250,0,SB,2349,2,1,4,9,1,1993,3,762,32,130,0,2010,362500
11134,1Fam,2Story,1992,1993,Gable,1129,261,SB,2225,2,1,4,7,1,1992,3,713,198,30,0,2010,285000
4835,TwnhsE,1Story,2004,2005,Gable,1298,190,SB,1488,2,0,2,6,1,2004,2,506,168,50,0,2010,260000
3515,TwnhsE,2Story,2004,2004,Gable,0,840,SB,1680,2,1,2,3,0,2004,2,588,0,111,0,2010,190000
3215,TwnhsE,2Story,2004,2004,Gable,280,320,SB,1200,2,1,2,4,0,2004,2,480,0,172,0,2010,155000
3182,TwnhsE,2Story,2004,2005,Gable,0,600,SB,1200,2,1,2,4,0,2004,2,480,0,172,0,2010,151000
2544,Twnhs,2Story,2004,2005,Gable,368,190,SB,1200,2,1,2,4,0,2004,2,480,0,172,0,2010,149500
2544,Twnhs,2Story,2005,2005,Gable,376,224,SB,1236,2,1,2,4,0,2005,2,480,0,166,0,2010,152000
4403,1Fam,1Story,2009,2009,Gable,578,892,SB,1478,2,1,2,7,1,2009,2,484,0,144,0,2010,222000
2117,Twnhs,2Story,2000,2000,Gable,378,378,SB,1573,2,1,3,5,0,2000,2,440,0,32,0,2010,177500
2980,TwnhsE,2Story,2000,2000,Gable,466,290,SB,1512,2,1,2,5,0,2000,2,440,0,32,0,2010,177000
2572,Twnhs,2Story,1999,1999,Hip,604,92,SB,1416,2,1,3,6,0,1999,2,484,0,44,0,2010,155000
2403,TwnhsE,2Story,2003,2003,Gable,244,286,SB,1080,2,1,2,4,0,2003,2,496,0,50,0,2010,147110
12853,1Fam,1Story,2010,2010,Gable,1032,610,SB,1418,1,1,1,6,1,2010,3,852,160,192,0,2010,267916
7379,1Fam,2Story,2000,2000,Gable,484,491,SB,1848,2,1,3,7,1,2000,2,592,280,184,0,2010,254000
4420,TwnhsE,1Story,1980,1980,Gable,728,0,SB,788,1,0,1,3,1,1980,2,484,133,42,0,2010,155000
3880,Twnhs,1Story,1978,1978,Gable,1052,174,SB,1226,1,0,1,4,1,1978,2,484,223,78,0,2010,206000
13517,1Fam,2Story,1976,2005,Gable,533,192,SB,1479,2,1,3,6,0,1976,2,475,0,44,0,2010,130500
8000,1Fam,1Story,2002,2002,Gable,833,659,SB,1492,2,0,3,6,1,2002,2,596,277,137,0,2010,230000
10456,1Fam,1Story,1967,1967,Hip,506,1323,SB,1829,2,0,4,8,0,1967,2,535,0,76,0,2010,218500
10791,1Fam,2Story,1993,1993,Gable,1137,143,SB,2495,2,1,4,9,1,1993,2,660,224,32,0,2010,243500
10603,1Fam,1Story,1977,2001,Gable,1200,410,SB,1610,2,0,3,6,2,1977,2,480,168,68,0,2010,205000
18837,1Fam,1.5Fin,1978,1978,Gable,687,491,SB,1891,3,0,3,7,1,1978,2,678,0,69,0,2010,212500
10421,1Fam,2Story,1988,1988,Gable,394,586,SB,1714,2,1,3,7,1,1988,2,496,228,66,0,2010,196500
9360,1Fam,1Story,1972,2006,Hip,982,179,SB,1381,1,1,3,5,1,1972,2,676,0,0,0,2010,197500
9600,1Fam,2Story,1971,1971,Gable,329,386,SB,1645,1,2,4,7,0,1971,2,441,0,78,0,2010,171000
9600,1Fam,1Story,1966,1966,Hip,698,534,SB,1232,1,1,3,6,0,1966,2,490,0,224,0,2010,142250
9790,1Fam,1Story,1963,1963,Hip,569,678,SB,1328,1,1,3,6,2,1963,2,528,0,26,0,2010,143000
9320,1Fam,1Story,1959,1959,Gable,569,381,SB,1225,1,1,3,6,0,0,0,0,352,0,0,2010,128950
9900,1Fam,1Story,1966,1966,Hip,1059,150,SB,1209,1,0,3,6,0,1966,2,504,0,0,0,2010,159000
9680,1Fam,1Story,1967,1967,Gable,1010,500,SB,1510,2,0,3,6,0,1967,2,517,0,40,0,2010,178900
10600,1Fam,SLvl,1964,1964,Gable,0,533,SB,1775,2,0,3,8,0,1964,2,480,0,172,0,2010,136300
14112,1Fam,SLvl,1964,1964,Hip,1014,138,SB,1152,1,0,3,6,1,1964,2,484,227,0,0,2010,180500
8800,1Fam,SFoyer,1963,1963,Gable,763,173,SB,1054,1,0,3,6,0,1963,2,480,120,0,0,2010,137500
13260,Duplex,1Story,1962,2001,Hip,1500,228,SB,1728,2,0,6,10,0,0,0,0,0,0,0,2010,84900
9717,1Fam,1Story,1950,1996,Hip,49,0,FA,1078,1,0,2,5,0,1950,1,240,366,0,0,2010,142125
9724,1Fam,1.5Fin,1952,2002,Gable,670,470,SB,2461,2,0,3,7,2,1994,2,400,0,0,0,2010,197600
17360,1Fam,1.5Fin,1949,1950,Gable,300,482,SB,1556,2,0,3,6,1,1949,2,470,0,0,0,2010,172500
7207,1Fam,1Story,1958,2008,Gable,696,162,SB,858,1,0,2,4,0,0,0,0,117,0,0,2010,116500
5350,1Fam,1Story,1940,1966,Gable,0,728,SB,1306,1,0,3,6,0,0,0,0,263,0,0,2010,76500
9920,1Fam,1Story,1954,1954,Gable,354,412,SB,1063,1,0,3,6,0,1954,1,280,0,0,0,2010,128000
9600,1Fam,SLvl,1955,1972,Gable,674,350,SB,1520,1,0,3,7,2,1955,1,364,0,0,0,2010,153000
7800,1Fam,1Story,1954,1954,Gable,540,728,SB,1268,1,0,2,7,1,1954,1,244,0,98,0,2010,132000
11380,1Fam,SFoyer,1966,2008,Gable,944,136,SB,1128,1,0,2,5,1,1966,1,315,238,0,0,2010,178000
11600,Duplex,2Story,1960,1960,Gable,443,662,FA,2274,2,0,5,12,0,1960,2,480,0,0,0,2010,154300
19900,1Fam,1Story,1970,1989,Gable,912,1035,SB,2207,2,0,3,7,1,1970,2,576,301,0,0,2010,180000
16492,1Fam,1Story,1966,2002,Gable,247,557,SB,1888,2,1,2,6,1,1966,2,578,0,0,0,2010,190000
8267,Duplex,1Story,1958,1958,Gable,0,1604,SB,1604,2,0,4,8,0,1958,2,576,42,0,0,2010,135000
8197,1Fam,1Story,2003,2009,Gable,1188,292,SB,1480,2,0,3,7,0,2003,2,620,252,73,0,2010,214000
8050,1Fam,1Story,1959,1959,Hip,856,125,SB,1143,1,0,3,6,0,1959,1,308,0,0,0,2010,136000
10552,1Fam,1Story,1959,1959,Hip,1018,380,SB,1700,1,1,4,6,1,1959,2,447,0,38,0,2010,165500
8400,1Fam,1Story,1957,1957,Gable,922,392,SB,1314,1,0,3,5,0,1957,1,294,250,0,0,2010,145000
8760,1Fam,1Story,1959,1959,Hip,0,1194,SB,1194,1,0,3,6,0,1959,1,312,0,0,0,2010,148000
12160,1Fam,1Story,1959,1959,Hip,1000,188,SB,1188,1,0,3,6,0,1959,2,531,0,0,0,2010,142000
9300,1Fam,1Story,1960,1960,Gable,697,571,SB,1264,1,0,3,6,2,1960,2,461,0,0,0,2010,167500
10725,1Fam,1Story,1959,1959,Hip,936,270,SB,1206,1,0,3,6,0,1959,1,312,0,21,0,2010,108538
10032,1Fam,1Story,1959,1959,Gable,734,510,SB,1580,1,1,3,6,2,1956,2,440,0,28,0,2010,159500
8382,1Fam,1.5Fin,1956,1956,Gable,0,832,FA,1337,1,0,3,5,0,1956,1,263,0,0,0,2010,108000
10950,1Fam,1Story,1952,1952,Gable,339,525,SB,1064,1,0,2,4,0,1952,1,318,0,0,0,2010,135000
10895,1Fam,1Story,1955,1955,Gable,648,324,SB,972,1,0,3,5,0,1955,1,305,0,0,0,2010,122500
13587,2fmCon,1Story,1958,1958,Gable,532,456,SB,988,1,0,2,5,0,1958,1,264,0,0,0,2010,119000
7922,1Fam,1Story,1953,2007,Gable,731,326,SB,1057,1,0,3,5,0,1953,1,246,0,52,0,2010,109000
7898,1Fam,1Story,1920,1994,Gable,0,576,SB,985,1,0,2,4,0,1989,2,676,0,0,0,2010,105000
7200,1Fam,1Story,1955,2007,Gable,0,0,SB,827,1,0,2,5,1,1967,1,392,0,0,0,2010,107500
10200,1Fam,1Story,1954,2003,Gable,320,404,SB,1086,1,0,3,6,0,1989,2,490,0,0,0,2010,144900
5868,1Fam,1Story,1956,2000,Gable,248,448,SB,936,1,0,2,4,0,1956,1,308,0,0,0,2010,129000
17503,1Fam,1.5Fin,1948,1950,Gable,0,912,SB,1458,1,0,3,6,1,1948,1,330,192,0,0,2010,97500
6979,Duplex,SFoyer,1980,1980,Gable,1056,0,SB,1056,0,0,0,4,0,1980,2,576,264,56,0,2010,144000
9830,1Fam,1Story,1959,2006,Gable,72,733,SB,1287,1,0,3,7,1,1997,2,576,364,17,0,2010,162000
11275,1Fam,SLvl,1967,2007,Mansard,0,710,SB,2978,2,1,5,11,1,1961,2,564,240,0,0,2010,242000
8064,1Fam,1.5Fin,1948,2004,Gable,481,161,SB,1224,1,0,3,5,0,1950,1,280,414,0,0,2010,132000
7500,1Fam,1Story,1959,1994,Hip,340,0,SB,1246,1,1,3,6,0,1959,1,305,218,0,0,2010,154000
8520,1Fam,1.5Fin,1952,1952,Gable,507,403,SB,1385,2,0,4,6,0,2000,2,720,0,0,0,2010,166000
7200,1Fam,1Story,1951,2000,Gable,234,180,SB,900,1,0,3,5,0,2005,2,576,222,32,0,2010,134800
10000,1Fam,1Story,1962,1962,Hip,0,1116,SB,1116,1,1,3,5,0,1962,2,440,0,0,0,2010,160000
7635,1Fam,1Story,1960,1960,Gable,588,237,SB,1175,1,1,3,6,0,1960,2,484,0,0,0,2010,148000
9760,1Fam,1Story,1963,1984,Hip,717,415,SB,1395,1,0,2,7,1,1963,2,440,657,0,0,2010,192000
7700,1Fam,2Story,1966,1966,Gable,0,756,SB,1839,1,1,4,7,1,1966,2,442,0,124,0,2010,155000
4800,1Fam,1.5Fin,1900,1954,Hip,48,661,SB,1844,1,0,3,9,2,1900,1,240,84,0,0,2010,80400
8800,1Fam,1.5Fin,1910,2004,Gable,0,576,SB,1140,1,0,3,7,0,0,0,0,0,160,0,2010,96500
4485,1Fam,1Story,1920,1950,Gable,579,357,SB,936,1,0,2,5,1,0,0,0,51,0,0,2010,109500
8960,1Fam,1Story,1927,1950,Gable,0,1008,FA,1028,1,0,2,5,1,1927,2,360,0,0,0,2010,115000
5805,1Fam,1Story,1957,1957,Hip,274,0,SB,1347,1,0,3,6,0,1957,2,551,0,0,0,2010,143000
5790,1Fam,2Story,1915,1950,Gambrel,0,840,SB,1605,2,0,3,8,0,1915,1,379,0,0,0,2010,107400
4608,1Fam,1Story,1945,1950,Gable,0,747,SB,747,1,0,2,4,0,1945,1,220,0,0,0,2010,80000
7200,1Fam,1Story,1940,1992,Gable,510,278,SB,804,1,0,2,4,2,1940,1,240,0,0,0,2010,119000
5500,1Fam,1.5Fin,1929,2001,Gable,234,0,SB,1316,1,0,3,6,0,1974,2,484,0,0,0,2010,130000
6900,1Fam,1.5Fin,1938,2000,Gable,0,827,SB,1251,1,0,3,6,0,1938,1,240,0,0,0,2010,119000
11851,1Fam,1.5Fin,1948,2009,Gable,780,247,SB,1633,1,0,3,7,1,1948,1,240,0,100,0,2010,129000
8239,1Fam,1.5Fin,1920,1962,Gable,176,832,SB,1245,1,0,3,6,0,1962,1,315,0,0,0,2010,1.00E+05
8520,1Fam,1Story,1928,2003,Gable,0,624,SB,720,1,0,2,5,0,2005,2,484,106,0,0,2010,105900
9600,1Fam,2Story,1900,2003,Gable,0,930,SB,1566,2,0,3,7,0,1930,1,288,54,228,0,2010,150000
10800,1Fam,1.5Fin,1915,1950,Gable,686,0,SB,1652,2,0,4,7,0,1961,1,416,0,0,0,2010,139000
9000,1Fam,2Story,1890,2002,Gable,0,346,SB,2268,3,0,3,7,0,2003,2,624,0,108,0,2010,240000
9045,2fmCon,2Story,1910,1950,Gable,0,840,FF,2256,2,0,4,12,0,0,0,0,0,18,0,2010,76500
7407,1Fam,1Story,1957,1996,Gable,600,312,FA,1236,1,0,2,6,0,1957,2,923,0,158,0,2010,149700
7740,1Fam,2Story,1910,1950,Gable,0,622,SB,1363,1,0,3,6,0,1966,2,528,0,0,0,2010,125500
11340,2fmCon,2Story,1885,1950,Gable,0,777,SB,2290,2,0,4,11,0,1971,2,560,0,0,0,2010,122500
10560,1Fam,2Story,1922,1994,Gable,283,455,SB,1470,1,1,2,6,0,1970,2,624,0,0,0,2010,140750
5830,1Fam,1.5Fin,1950,1997,Gable,788,200,SB,1612,1,1,3,7,0,1950,1,363,0,0,0,2010,128500
7793,1Fam,2.5Unf,1922,2005,Gable,474,634,FA,2068,1,1,3,8,1,1928,1,315,0,0,0,2010,209500
5000,1Fam,1Story,1925,1950,Gable,188,577,FF,765,1,0,2,4,0,1926,1,200,135,0,0,2010,87000
6000,1Fam,1.5Fin,1939,1950,Gable,452,144,SB,1132,1,0,2,5,0,1939,1,240,0,0,0,2010,134000
6000,1Fam,1.5Fin,1940,1950,Gable,264,308,FA,1196,1,1,3,6,2,1973,2,576,0,0,0,2010,128000
6360,1Fam,1.5Fin,1942,1950,Gable,360,316,FA,1453,1,1,3,7,2,1942,1,240,0,0,0,2010,132000
6000,1Fam,1.5Fin,1948,1950,Gable,300,480,SB,1416,1,1,3,6,0,1948,1,312,221,0,0,2010,139900
6240,1Fam,1.5Fin,1936,1980,Gable,276,252,SB,1040,1,0,2,5,0,1979,2,624,306,0,0,2010,123900
6240,1Fam,1.5Fin,1930,1950,Gable,448,480,FF,1536,2,0,4,7,1,1930,2,480,0,10,0,2010,138400
6120,1Fam,1Story,1923,1950,Gable,960,164,SB,1068,1,0,2,5,1,1923,1,288,0,0,0,2010,109500
10300,1Fam,2Story,1921,1950,Gable,0,576,SB,1710,2,0,3,9,0,1990,2,480,12,11,0,2010,140000
8094,1Fam,1.5Fin,1915,1950,Gable,0,888,SB,1962,1,1,4,9,1,1915,2,572,160,0,0,2010,149500
12900,1Fam,2Story,1912,2009,Gable,0,780,SB,1560,1,1,3,7,0,0,0,0,344,0,0,2010,159900
3068,1Fam,2Story,1920,1993,Gable,0,662,SB,1324,1,0,3,6,0,1920,1,180,0,0,0,2010,122000
8472,Duplex,1Story,1963,1963,Gable,104,0,SB,816,1,0,2,5,0,1963,2,516,106,0,0,2010,110000
7630,2fmCon,2Story,1900,1996,Gable,0,360,SB,1812,2,0,4,8,1,1999,2,672,344,0,0,2010,140000
24090,1Fam,2Story,1940,1950,Gable,0,1032,SB,2403,2,0,4,10,2,1940,1,349,56,0,0,2010,244400
15263,1Fam,1Story,1959,1959,Gable,766,656,SB,1675,2,0,3,8,2,1959,1,365,0,132,0,2010,173000
10632,1Fam,1.5Fin,1917,1950,Gable,0,689,SB,1224,1,1,3,6,0,1917,1,180,0,0,0,2010,107500
9900,2fmCon,1.5Fin,1915,1950,Gable,1026,186,SB,1392,1,0,3,6,0,0,0,0,0,0,0,2010,1.00E+05
6001,1Fam,1.5Fin,1940,1950,Gable,368,232,SB,919,1,0,3,5,0,1940,1,231,0,0,0,2010,95000
6449,1Fam,2Story,1907,1950,Gambrel,73,634,SB,1884,1,1,4,7,0,0,0,0,0,0,0,2010,93369
6048,2fmCon,1.5Fin,1910,1950,Gable,736,120,SB,1680,2,0,2,7,1,1910,2,450,56,144,0,2010,114900
6342,1Fam,1.5Fin,1875,1996,Gable,0,780,SB,1020,1,0,2,6,0,0,0,0,0,0,0,2010,94000
10773,Duplex,1Story,1967,1967,Gable,704,1128,SB,1832,2,0,4,8,0,0,0,0,0,58,0,2010,136000
10778,Duplex,1Story,1968,1968,Hip,0,1768,SB,1768,2,0,4,8,0,0,0,0,0,0,0,2010,136500
11625,2fmCon,1Story,1965,1965,Hip,841,198,SB,1039,1,1,3,6,0,1965,2,504,0,0,0,2010,131500
11341,1Fam,1Story,1957,1996,Hip,1302,90,SB,1392,1,1,3,5,1,1957,2,528,0,0,0,2010,121500
8521,1Fam,1Story,1967,1967,Gable,842,70,SB,912,1,0,3,5,1,1974,1,336,0,0,0,2010,125000
8246,1Fam,1Story,1968,2001,Gable,188,204,SB,1060,1,0,3,6,1,1968,1,270,406,90,0,2010,154000
7800,1Fam,1Story,1966,2008,Hip,240,150,SB,892,1,0,3,5,0,1966,1,416,0,0,0,2010,137900
9364,1Fam,2Story,1969,1969,Gable,371,292,SB,1352,1,1,4,7,0,1969,1,299,379,36,0,2010,158000
7832,1Fam,1Story,1968,1968,Hip,775,89,SB,864,1,0,2,4,0,1969,1,280,226,0,0,2010,137250
7424,Duplex,SFoyer,1978,1978,Gable,1319,0,SB,1373,1,0,3,5,2,1978,2,591,0,0,0,2010,160250
11227,1Fam,2Story,1968,1968,Gable,267,0,SB,1440,1,1,4,7,2,1968,2,480,192,38,0,2010,163000
11616,1Fam,2Story,1978,1978,Hip,438,234,SB,1386,2,1,3,6,1,1978,2,440,335,0,0,2010,158900
14000,1Fam,2Story,1996,1997,Gable,1201,105,SB,2260,2,1,3,7,0,1996,2,533,296,44,0,2010,328000
20062,1Fam,1Story,1977,2001,Hip,1092,328,SB,1483,1,1,1,4,2,1977,2,690,496,0,0,2010,270000
9259,1Fam,1Story,1927,1950,Gable,0,660,SB,756,1,0,2,4,0,1945,2,440,80,0,0,2010,85000
9600,1Fam,1Story,1950,1995,Gable,442,625,SB,1067,2,0,2,4,0,1996,2,436,290,0,0,2010,128000
23595,1Fam,1Story,1979,1979,Shed,1258,74,SB,1524,0,1,0,4,1,1979,2,586,268,0,0,2010,260000
17082,1Fam,2Story,1978,1992,Gable,964,153,SB,1981,2,1,4,8,1,1978,2,522,336,104,0,2010,230000
18600,1Fam,1.5Fin,1938,1990,Gable,288,0,FA,1610,2,0,4,8,1,1938,1,480,0,0,0,2010,124000
10625,1Fam,1Story,1920,1950,Gable,108,350,SB,835,1,0,2,5,0,1920,1,366,0,0,0,2010,83000
11479,1Fam,1Story,1950,1987,Gable,104,172,SB,1074,1,0,3,6,1,1987,1,467,0,52,0,2010,144500
9571,1Fam,1Story,1956,1956,Gable,739,405,SB,1144,1,0,3,6,0,1956,1,596,44,0,0,2010,129000
9350,1Fam,1.5Fin,1947,1979,Gable,192,564,SB,1531,1,0,3,8,1,1947,1,209,0,0,0,2010,127000
9525,1Fam,1Story,1954,1998,Gable,954,218,SB,1172,1,0,3,5,0,1954,1,366,240,0,0,2010,128000
10420,1Fam,1Story,2009,2009,Gable,36,1176,SB,1212,2,0,3,6,0,2009,2,460,100,22,0,2010,186000
17485,1Fam,1Story,2009,2010,Gable,1346,162,SB,1508,1,0,1,5,2,2009,2,572,0,0,0,2010,308030
11200,1Fam,1Story,1964,1964,Gable,0,1250,SB,1298,2,0,3,5,0,1964,2,504,0,144,0,2010,114000
11100,1Fam,1Story,1946,2006,Gable,0,0,SB,930,1,0,2,6,0,1946,1,308,0,0,0,2010,84900
9206,1Fam,2Story,1985,1985,Gable,0,741,SB,1732,2,1,3,7,1,1985,2,476,192,46,0,2010,178000
11980,1Fam,1Story,1987,1987,Gable,1433,0,SB,1433,1,1,1,4,2,1987,2,528,0,278,0,2010,270000
12361,1Fam,2Story,1993,1993,Gable,860,86,SB,1802,2,1,3,8,1,2000,4,1017,450,92,0,2010,218000
9938,1Fam,2Story,1993,1994,Gable,750,300,SB,1949,2,1,3,8,1,1993,2,574,156,90,0,2010,236000
9069,1Fam,SFoyer,1992,1992,Gable,747,189,SB,996,1,0,2,5,0,1992,2,564,120,0,0,2010,147000
10475,1Fam,1Story,2008,2008,Gable,0,1694,SB,1694,2,0,3,7,0,2008,3,776,160,33,0,2010,245350
6762,1Fam,1Story,2006,2006,Gable,686,501,SB,1208,2,0,2,6,0,2006,2,632,105,61,0,2010,206000
10402,1Fam,1Story,2009,2009,Gable,0,1226,SB,1226,2,0,3,6,0,2009,3,740,0,36,0,2010,198900
7360,1Fam,1Story,2010,2010,Gable,24,1198,SB,1222,2,0,2,6,0,2009,2,615,0,54,0,2010,187000
12376,1Fam,2Story,1990,1990,Hip,1470,203,SB,3222,3,0,5,11,2,1990,3,594,367,0,0,2010,320000
14235,1Fam,1.5Fin,1900,1993,Gable,0,676,SB,1445,2,0,3,6,0,1957,2,484,0,59,0,2010,138500
8816,1Fam,SLvl,1971,1971,Gable,504,506,SB,1052,1,0,3,6,0,1971,2,440,0,0,0,2010,155000
11105,1Fam,SFoyer,1996,1996,Gable,870,0,SB,965,1,0,2,4,0,1998,2,580,71,0,0,2010,159000
9337,1Fam,2Story,1997,1998,Gable,353,525,SB,1692,2,1,3,8,1,1997,2,513,0,39,0,2010,191000
8750,1Fam,2Story,1998,1998,Gable,505,299,SB,1682,2,1,3,7,0,1998,2,523,0,77,0,2010,200500
15240,1Fam,1Story,1977,2004,Gable,198,140,SB,1026,1,1,3,5,0,1977,1,308,316,85,0,2010,150000
10900,1Fam,2Story,1977,1977,Gable,378,311,SB,1392,1,1,3,6,0,1977,1,299,0,36,0,2010,161750
10650,1Fam,1Story,1976,1976,Gable,182,0,SB,894,1,0,3,5,0,1976,1,308,365,0,0,2010,128200
7480,1Fam,1Story,1972,1972,Gable,480,396,SB,876,1,0,3,5,0,1977,2,484,0,0,0,2010,127000
10389,1Fam,1Story,2003,2003,Hip,1682,296,SB,1978,2,1,3,8,1,2003,3,850,188,25,0,2010,318000
11423,1Fam,1Story,2001,2002,Gable,1358,223,SB,1601,2,0,3,6,1,2001,2,670,180,0,0,2010,272000
9548,1Fam,2Story,2003,2003,Gable,483,458,SB,1829,2,1,3,7,1,2003,2,613,192,39,0,2010,237000
9375,1Fam,2Story,1997,1997,Gable,0,1040,SB,2098,2,1,4,9,1,1997,2,621,331,38,0,2010,240000
12137,1Fam,1Story,1998,1998,Gable,0,1649,SB,1661,2,0,3,6,0,1998,2,598,0,34,0,2010,224900
4435,TwnhsE,1Story,2003,2003,Gable,672,176,SB,848,1,0,1,4,0,2003,2,420,140,0,0,2010,143750
4426,TwnhsE,1Story,2004,2004,Gable,662,186,SB,848,1,0,1,3,0,2004,2,420,160,0,0,2010,143000
10635,1Fam,1Story,2003,2003,Hip,370,315,SB,1668,2,0,3,8,1,2003,2,502,0,262,0,2010,232000
8400,1Fam,1Story,2004,2005,Gable,712,761,SB,1484,2,0,3,7,0,2004,2,606,0,35,0,2010,213000
8773,1Fam,1Story,2004,2004,Gable,24,1390,SB,1414,2,0,3,6,0,2004,2,494,132,105,0,2010,185500
8777,1Fam,1Story,1945,2007,Gable,0,0,SB,640,1,0,2,5,0,1945,1,240,0,0,0,2010,84900
8842,1Fam,1Story,1954,1954,Gable,0,381,SB,992,1,0,3,6,0,1954,1,319,60,0,0,2010,155891
9825,Duplex,1Story,1965,1965,Hip,0,0,SB,1664,2,0,4,8,0,0,0,0,0,0,0,2010,1.00E+05
10044,1Fam,1Story,1968,1968,Gable,1070,126,SB,1196,1,0,3,6,0,1968,1,336,257,0,0,2010,144000
11792,1Fam,1.5Fin,1948,1950,Gable,0,744,FF,1120,1,0,2,5,0,1956,2,480,0,0,0,2010,64000
6305,1Fam,SLvl,1975,1975,Gable,528,480,SB,1096,1,0,3,5,1,1975,1,352,0,0,0,2010,125200
7819,1Fam,SLvl,1976,1976,Gable,422,480,SB,1117,1,0,3,6,1,1976,2,672,144,0,0,2010,107000
6410,1Fam,1Story,1958,1958,Hip,0,960,SB,960,1,0,3,5,0,0,0,0,0,0,0,2010,90000
8546,1Fam,1Story,2003,2004,Gable,0,1121,SB,1121,2,0,2,5,0,2003,2,440,132,64,0,2010,140000
8741,1Fam,1.5Fin,1945,1950,Gable,94,641,FA,1487,1,1,3,7,1,1949,1,220,0,140,0,2010,113000
12180,2fmCon,1.5Fin,1941,1950,Gable,348,324,FA,924,1,0,2,5,0,1941,1,280,0,0,0,2010,80000
8562,1Fam,1Story,1957,2002,Hip,383,833,FA,1526,1,0,4,7,1,1957,1,364,116,78,0,2010,144500
4853,1Fam,1Story,1924,1999,Gable,133,974,FA,1296,2,0,2,5,1,1979,1,260,0,0,0,2010,104000
6858,1Fam,2Story,1915,1950,Gable,0,806,FF,1647,1,1,4,6,0,1920,1,216,0,66,0,2010,128000
5000,1Fam,1.5Fin,1924,1950,Gable,218,808,SB,1691,2,0,3,6,1,1924,1,308,0,0,0,2010,127000
7890,1Fam,1Story,1939,1950,Gable,238,618,SB,856,1,0,2,4,1,1939,2,399,0,0,0,2010,126000
7200,Duplex,2Story,1967,1967,Flat,0,0,SB,2650,3,0,6,10,0,0,0,0,0,0,0,2010,160000
9839,1Fam,1.5Fin,1931,1950,Gable,0,894,SB,1666,1,0,3,7,1,0,0,0,0,156,0,2010,1.00E+05
9638,1Fam,1.5Fin,1919,1990,Gable,0,804,SB,2447,2,0,4,10,1,1969,1,336,272,0,0,2010,169000
10452,1Fam,1.5Fin,1941,1985,Gable,426,850,SB,2133,1,1,4,8,2,1941,1,312,0,0,0,2010,257500
15600,Duplex,2Story,1950,1991,Gable,375,657,SB,2177,2,1,5,11,0,1950,2,484,0,0,0,2010,215000
9042,1Fam,2Story,1941,2006,Gable,275,877,SB,2340,2,0,4,9,2,1941,1,252,0,60,0,2010,266500
17500,1Fam,1Story,1959,2002,Gable,1406,496,SB,1902,2,0,3,7,2,1959,2,567,0,207,0,2010,335000
19645,1Fam,SLvl,1994,2007,Gable,343,80,SB,1652,2,1,3,6,0,1994,2,473,0,0,0,2010,203135
3907,TwnhsE,1Story,1989,1989,Gable,747,235,SB,1034,1,0,1,4,1,1989,2,598,141,36,0,2010,185000
3907,TwnhsE,1Story,1989,1989,Gable,76,1115,SB,1191,2,0,2,5,1,1989,2,531,112,81,0,2010,162500
15602,1Fam,1Story,1959,1997,Gable,1247,254,SB,1801,2,0,1,6,2,1959,2,484,0,54,0,2010,289000
5436,1Fam,1.5Fin,1922,2007,Gable,735,61,SB,1154,1,0,3,7,0,1922,1,240,0,96,0,2010,125500
8154,1Fam,1Story,1941,1950,Gable,480,0,SB,540,1,0,1,4,0,1951,1,200,0,0,0,2010,82000
9140,1Fam,1.5Fin,1921,1975,Gable,308,321,SB,1107,1,0,2,5,0,1950,1,625,0,56,0,2010,110000
7500,1Fam,1.5Fin,1920,1950,Gable,0,698,FA,1128,1,0,2,6,0,1980,2,528,30,0,0,2010,68400
8712,1Fam,1.5Fin,1900,1950,Gable,0,859,SB,1178,1,0,2,7,0,1964,1,384,68,0,0,2010,102776
3811,TwnhsE,1Story,2004,2005,Hip,1373,221,SB,1646,2,0,2,5,1,2004,2,525,128,53,0,2010,246000
11050,1Fam,2Story,1998,1999,Gable,615,434,SB,1916,2,1,3,8,1,1998,3,741,0,70,0,2010,254900
9620,1Fam,SLvl,1977,1977,Gable,679,564,SB,1285,2,0,3,6,1,1977,2,473,375,26,0,2010,190000
9196,1Fam,1Story,2003,2003,Gable,0,1560,SB,1560,2,0,3,7,0,2003,2,573,100,150,0,2010,201000
12328,1Fam,SLvl,1976,1976,Gable,539,473,SB,1034,1,0,3,6,0,1976,3,888,0,0,0,2010,169900
12760,Duplex,1Story,1976,1976,Gable,0,1958,SB,2048,3,0,5,9,0,1976,2,776,0,0,0,2010,170000
57200,1Fam,1Story,1948,1950,Gable,353,60,SB,1687,1,0,3,7,2,1966,2,572,0,0,0,2010,160000
11896,1Fam,1Story,2008,2008,Gable,78,1258,SB,1346,2,0,3,6,1,2008,3,660,100,48,0,2010,220000
9803,1Fam,1Story,2009,2010,Gable,0,1214,SB,1214,2,0,2,6,0,2010,2,520,0,25,0,2010,179781
9802,1Fam,2Story,2006,2007,Gable,0,384,SB,1444,2,1,3,7,0,2007,2,400,100,0,0,2010,174000
12003,1Fam,2Story,2009,2010,Gable,0,774,SB,1968,2,1,4,8,1,2009,3,680,0,75,0,2010,269500
11316,1Fam,2Story,2002,2003,Gable,624,193,SB,1894,2,1,4,8,1,2002,2,510,0,40,0,2010,214900
14191,1Fam,2Story,2002,2002,Gable,0,967,SB,1908,2,1,4,9,0,2002,2,431,135,0,0,2010,202900
13214,1Fam,1Story,2008,2009,Hip,0,2002,SB,2018,2,0,3,10,1,2009,3,746,144,76,0,2010,378500
15300,1Fam,1Story,1965,1977,Hip,42,1026,SB,1264,1,0,2,7,1,1965,2,528,0,0,0,2010,169000
10114,1Fam,1Story,2004,2005,Gable,0,1430,SB,1430,2,0,3,7,0,2004,2,624,0,0,0,2010,173500
9400,Duplex,2Story,1971,1971,Mansard,0,912,SB,1824,2,2,4,8,0,0,0,0,128,0,0,2010,139000
11875,1Fam,1Story,1999,1999,Gable,0,1344,SB,1344,2,0,3,7,1,2001,2,686,328,0,0,2010,166500
1974,TwnhsE,2Story,1973,1973,Gable,334,212,SB,1092,1,1,3,6,0,1973,1,286,120,96,0,2010,83500
2394,Twnhs,1Story,1973,1973,Gable,915,30,SB,945,1,0,2,5,1,1973,1,253,174,0,0,2010,119500
2592,TwnhsE,2Story,1976,1976,Gable,129,175,SB,1112,1,1,3,4,0,1976,1,336,182,0,0,2010,85000
1476,Twnhs,2Story,1970,1970,Gable,176,370,SB,1092,1,1,3,5,0,0,0,0,200,26,0,2010,76000
1491,TwnhsE,SFoyer,1972,1972,Gable,150,0,SB,630,1,0,1,3,0,0,0,0,96,24,0,2010,75500
1900,TwnhsE,2Story,1970,1970,Gable,0,546,SB,1092,1,1,3,5,0,0,0,0,0,0,0,2010,88250
1890,TwnhsE,2Story,1972,1972,Gable,294,252,SB,1092,1,1,3,5,0,1972,1,286,0,0,0,2010,85500
6953,1Fam,1Story,1971,2004,Gable,469,395,SB,874,1,0,3,5,0,1971,1,352,0,0,0,2010,130000
26142,1Fam,1Story,1962,1962,Gable,593,595,SB,1188,1,0,3,6,0,1962,1,312,261,39,0,2010,157900
12887,1Fam,1Story,1984,1984,Gable,207,36,SB,833,1,0,2,5,0,1984,2,495,431,0,0,2010,149900
7700,Duplex,2Story,1985,1986,Gable,0,1216,SB,2432,4,2,4,10,0,1985,2,616,200,0,0,2010,159000
10475,1Fam,2Story,1991,1991,Gable,458,166,SB,1274,1,1,3,6,0,1993,2,576,22,0,0,2010,136000
10544,1Fam,1.5Fin,1969,1969,Gable,476,388,SB,1479,2,0,5,8,0,1969,1,275,287,0,0,2010,161000
9892,1Fam,1Story,1994,1995,Hip,1341,54,SB,1803,2,1,3,6,2,1994,2,482,129,64,0,2010,285000
12961,1Fam,2Story,1993,1994,Gable,944,208,SB,1797,2,1,3,7,1,1993,2,616,162,312,0,2010,231000
13008,1Fam,1Story,1956,1956,Gable,564,318,SB,882,1,0,2,5,0,1956,1,502,0,0,0,2009,124500
10200,1Fam,1Story,1974,1974,Hip,844,590,SB,1434,2,0,4,7,1,1974,2,528,80,21,0,2009,157000
13860,1Fam,SLvl,1972,1995,Gable,1410,542,SB,2704,2,1,4,9,3,1972,2,538,269,111,0,2009,345000
10179,1Fam,2Story,1997,1997,Gable,847,98,SB,1608,2,1,3,7,1,1997,2,470,252,30,0,2009,189500
11792,1Fam,2Story,2003,2003,Gable,850,158,SB,2283,2,1,4,9,1,2003,3,632,120,46,0,2009,270000
8400,1Fam,SLvl,1996,1997,Gable,284,100,SB,1628,2,1,3,7,1,1996,2,390,48,72,0,2009,189000
14892,1Fam,1Story,2006,2007,Gable,1320,426,SB,1746,2,0,3,7,2,2006,3,758,201,39,0,2009,377500
8530,1Fam,SLvl,1995,1996,Gable,0,384,SB,1474,2,1,3,7,1,1995,2,400,120,72,0,2009,168500
7296,TwnhsE,1Story,2004,2005,Gable,1965,243,SB,2522,2,0,1,8,1,2004,2,564,182,57,0,2009,375000
5664,TwnhsE,1Story,2000,2000,Gable,1158,343,SB,1659,2,0,2,5,1,2000,2,499,212,59,0,2009,278000
7380,1Fam,1Story,1998,1998,Gable,341,1077,SB,1478,2,0,2,5,0,1998,2,495,168,43,0,2009,240000
8013,TwnhsE,1Story,1995,1996,Gable,741,846,SB,1734,2,0,2,6,0,1995,2,528,52,50,0,2009,239500
8923,1Fam,SLvl,1998,1998,Gable,189,195,SB,1382,2,1,3,7,1,1998,2,396,256,0,0,2009,177500
10141,1Fam,2Story,1998,1998,Gable,0,832,SB,1718,2,1,3,7,1,1998,2,427,0,94,0,2009,185000
7500,1Fam,2Story,1998,1999,Gable,476,476,SB,1636,2,1,3,7,1,1998,2,440,0,84,0,2009,191000
7837,1Fam,2Story,1993,1994,Gable,0,799,SB,1571,2,1,3,7,1,1993,2,380,0,40,0,2009,178000
9765,1Fam,2Story,1993,1993,Gable,310,370,SB,1470,2,1,3,6,1,1993,2,420,232,63,0,2009,185000
8803,1Fam,2Story,1994,1995,Gable,600,107,SB,1516,2,1,3,7,1,1994,2,409,0,46,0,2009,181316
7250,1Fam,1Story,1993,1993,Gable,0,1181,SB,1190,2,0,3,6,1,1993,2,430,0,21,0,2009,166000
9636,1Fam,2Story,1992,1993,Gable,0,808,SB,1593,2,1,3,7,1,1993,2,389,342,40,0,2009,178000
8125,1Fam,2Story,1994,1995,Gable,0,702,SB,1481,2,1,3,6,1,1994,2,343,0,36,0,2009,174000
9248,1Fam,1Story,1992,1992,Gable,560,598,SB,1167,2,0,3,6,0,1992,2,400,120,26,0,2009,173000
10762,1Fam,2Story,1999,1999,Gable,694,284,SB,1983,2,1,3,9,1,1999,2,490,0,0,0,2009,225000
11851,1Fam,1Story,1990,1990,Gable,0,1424,SB,1442,2,0,3,5,0,1990,2,500,0,34,0,2009,180500
5814,TwnhsE,1Story,1984,1984,Gable,1036,184,SB,1360,1,0,1,4,1,1984,2,565,63,0,0,2009,187500
11844,1Fam,1Story,2008,2008,Hip,0,2046,SB,2046,2,1,3,7,1,2008,3,834,322,82,0,2009,372500
16158,1Fam,1Story,2005,2005,Hip,1274,256,SB,1530,2,0,3,7,1,2005,2,430,168,36,0,2009,260000
11900,1Fam,2Story,1977,1977,Gable,400,722,SB,1934,2,1,3,6,1,1977,2,567,0,176,0,2009,185000
13005,1Fam,2Story,1980,1980,Gable,692,153,SB,2353,2,1,4,10,1,1983,2,484,288,195,0,2009,260000
17043,1Fam,1Story,1979,1998,Gable,0,1362,SB,1586,2,0,3,7,1,1979,2,435,192,0,0,2009,181000
11900,1Fam,1Story,1977,1977,Hip,822,564,SB,1411,2,0,3,6,1,1977,2,544,192,0,0,2009,82500
16635,1Fam,1Story,1977,2000,Gable,1246,356,SB,1602,2,0,3,8,1,1977,2,529,240,0,0,2009,215000
13250,1Fam,2Story,1978,1978,Gable,0,832,SB,2050,2,1,4,8,1,1978,2,529,192,192,0,2009,154000
10928,1Fam,1Story,1978,1986,Gable,363,1064,SB,1671,2,0,3,7,1,1978,2,484,252,55,0,2009,2.00E+05
12388,1Fam,2Story,1980,1991,Gable,602,441,SB,2673,2,1,4,9,1,1980,2,441,178,84,0,2009,249000
14115,1Fam,SLvl,1980,1980,Gable,1036,336,SB,1472,2,0,3,6,2,1980,2,588,233,48,0,2009,187500
11088,1Fam,1Story,1978,1998,Gable,832,308,SB,1707,2,0,3,7,1,1978,2,479,0,0,0,2009,184000
9600,1Fam,1Story,1981,1981,Hip,1104,1420,SB,2524,2,1,4,9,1,1981,2,542,474,120,0,2009,278000
11880,1Fam,1Story,1978,1978,Gable,704,567,SB,1601,2,0,3,7,1,1978,2,478,0,0,0,2009,157000
10400,1Fam,1Story,1976,1976,Gable,0,1090,SB,1370,2,0,3,6,1,1976,2,479,0,0,0,2009,152000
10304,1Fam,2Story,1976,1976,Gable,381,399,SB,1868,2,1,4,9,1,1976,2,484,448,96,0,2009,197500
7000,1Fam,2Story,2003,2003,Gable,622,304,SB,1884,2,1,3,7,1,2003,2,581,0,35,0,2009,240900
8004,1Fam,2Story,2009,2009,Gable,544,288,SB,1935,2,1,3,8,0,2009,2,552,0,150,0,2009,263435
7500,1Fam,2Story,2000,2001,Gable,0,1058,SB,1874,2,1,3,7,1,2000,2,588,0,134,0,2009,220000
8470,1Fam,2Story,2002,2002,Gable,225,471,SB,1811,2,1,3,7,1,2002,2,565,225,48,0,2009,235000
9373,1Fam,1Story,1975,1975,Gable,1333,120,SB,1621,2,0,3,7,2,1975,2,478,0,0,0,2009,213000
10140,1Fam,1Story,1974,1974,Hip,888,228,SB,1116,2,0,3,6,1,1974,2,528,0,0,0,2009,167900
11050,1Fam,1Story,1975,1975,Gable,636,540,SB,1193,2,0,3,5,1,1975,2,506,40,0,0,2009,158000
10140,1Fam,1Story,1974,1974,Hip,0,1064,SB,1350,2,0,3,7,1,1974,2,478,0,0,0,2009,165000
10448,1Fam,SLvl,1972,1972,Gable,0,689,SB,2119,2,1,3,7,1,1972,2,583,0,104,0,2009,158000
9000,Duplex,2Story,1974,1974,Gable,0,896,SB,1792,2,2,4,8,0,0,0,0,32,45,0,2009,136000
8750,1Fam,1Story,1970,1970,Gable,828,174,SB,1002,1,0,3,5,0,1973,2,902,0,0,0,2009,148500
7930,1Fam,1Story,1969,2005,Gable,439,115,SB,1026,1,0,3,5,0,1969,2,440,171,48,0,2009,156000
7830,1Fam,1Story,1970,1970,Gable,0,1180,SB,1180,1,1,2,6,0,1970,2,477,0,45,0,2009,128000
8510,1Fam,1Story,1971,1971,Gable,500,543,SB,1050,1,1,3,6,0,1971,1,336,0,0,0,2009,143000
7038,1Fam,1Story,1970,1970,Gable,726,138,SB,864,1,0,3,5,0,2001,2,576,210,0,0,2009,76500
6960,1Fam,1Story,1970,1970,Gable,375,250,SB,864,1,0,3,5,0,1989,2,660,96,0,0,2009,120500
8120,1Fam,1Story,1970,1970,Gable,191,673,SB,864,1,0,3,5,0,1994,2,463,0,0,0,2009,124500
10500,1Fam,1Story,1971,1971,Gable,524,160,SB,864,1,0,2,4,0,1989,2,576,216,0,0,2009,97000
9000,1Fam,1Story,1971,2006,Gable,240,624,SB,864,1,0,3,5,0,1986,2,576,200,0,0,2009,130000
1680,Twnhs,2Story,1973,1973,Gable,254,229,SB,987,1,1,2,5,0,1973,1,264,0,0,0,2009,111000
2368,TwnhsE,2Story,1970,1970,Gable,765,0,SB,1365,1,1,3,7,0,1970,2,440,0,36,0,2009,125000
1680,Twnhs,2Story,1971,1971,Gable,0,630,SB,1302,2,1,3,6,0,1991,1,280,0,0,0,2009,112000
1680,Twnhs,2Story,1972,1972,Gable,110,79,SB,987,1,1,2,5,0,1972,1,288,0,0,0,2009,97000
1680,Twnhs,2Story,1972,2007,Gable,162,321,SB,987,1,1,2,5,0,1972,1,264,250,0,0,2009,118000
1680,Twnhs,2Story,1972,1972,Gable,231,399,SB,1302,2,1,3,6,0,1972,1,264,185,0,0,2009,119500
4928,TwnhsE,1Story,1976,1976,Gable,958,0,SB,958,2,0,2,5,0,1976,2,440,0,60,0,2009,143750
2308,TwnhsE,2Story,1976,1976,Gable,306,498,SB,1548,2,1,3,7,1,1976,2,440,108,0,0,2009,146000
2280,Twnhs,2Story,1976,1976,Gable,566,289,SB,1456,2,1,3,7,1,1976,2,440,87,0,0,2009,148500
2280,Twnhs,1Story,1975,1975,Gable,435,0,SB,1055,2,0,2,4,1,1975,2,440,0,27,0,2009,123000
2308,TwnhsE,2Story,1974,1974,Gable,257,103,SB,1322,2,1,3,6,1,1974,2,440,260,0,0,2009,147000
2349,Twnhs,2Story,1977,1977,Gable,389,466,SB,1456,2,1,3,6,1,1977,2,440,0,28,0,2009,137900
2364,TwnhsE,2Story,1978,1978,Gable,320,484,SB,1548,2,1,3,7,1,1978,2,440,108,0,0,2009,147000
2289,Twnhs,2Story,1978,1978,Gable,311,544,SB,1441,2,1,3,7,1,1978,2,440,28,0,0,2009,148500
2364,TwnhsE,2Story,1978,1978,Gable,279,576,SB,1456,2,1,3,6,1,1978,2,440,147,0,0,2009,138000
2104,TwnhsE,1Story,1976,1976,Gable,536,300,SB,836,1,0,2,5,0,1976,1,345,150,20,0,2009,128500
7150,1Fam,1Story,1967,1967,Gable,432,460,SB,892,1,0,3,5,0,1967,1,288,0,0,0,2009,1.00E+05
10710,1Fam,1Story,1966,2004,Hip,644,220,SB,1120,1,0,3,5,1,1966,2,656,0,162,0,2009,148800
12456,1Fam,1Story,2006,2007,Hip,1172,528,SB,1718,2,0,3,7,1,2008,3,786,216,48,0,2009,337500
13173,1Fam,1Story,2006,2007,Hip,1572,80,SB,1652,2,0,2,6,2,2006,2,840,404,102,0,2009,325000
14230,1Fam,1Story,2007,2007,Gable,0,1566,SB,1600,2,0,3,7,1,2007,3,890,0,56,0,2009,256300
12704,1Fam,1Story,2008,2009,Hip,0,2042,SB,2042,2,1,3,8,1,2009,3,1390,0,90,0,2009,253293
12350,1Fam,2Story,2009,2009,Gable,986,379,SB,2690,2,1,3,8,1,2009,3,864,0,197,0,2009,398800
11308,1Fam,2Story,2008,2008,Gable,936,168,SB,2184,2,1,3,10,1,2008,3,836,0,102,0,2009,335000
12350,1Fam,1Story,2008,2008,Hip,1232,788,SB,2020,2,0,3,7,1,2008,3,896,192,98,0,2009,404000
12220,1Fam,1Story,2009,2009,Hip,1436,570,SB,2020,2,1,3,9,1,2009,3,900,156,54,0,2009,402861
13478,1Fam,2Story,2008,2008,Gable,1338,384,SB,2296,2,1,3,10,1,2008,3,842,382,274,0,2009,451950
11578,1Fam,1Story,2008,2008,Gable,0,1736,SB,1736,2,0,3,7,1,2008,3,834,319,90,0,2009,360000
16870,1Fam,1Story,2004,2005,Hip,1531,251,SB,1782,2,0,3,7,2,2004,3,932,99,82,0,2009,296000
23303,1Fam,2Story,2007,2007,Gable,1230,278,SB,2520,2,1,5,10,1,2007,3,640,192,273,0,2009,409900
11146,1Fam,1Story,2006,2006,Gable,0,1709,SB,1717,2,0,3,7,1,2006,3,908,169,39,0,2009,255500
10367,1Fam,1Story,2008,2008,Hip,1015,724,SB,1743,2,0,3,8,1,2008,3,927,168,45,0,2009,335000
9591,1Fam,1Story,2004,2005,Hip,1088,625,SB,1713,2,0,3,7,1,2004,3,856,0,26,0,2009,274900
10872,1Fam,1Story,2006,2006,Gable,1037,467,SB,1531,2,0,2,6,1,2006,3,700,184,52,0,2009,3.00E+05
13514,1Fam,1Story,2008,2008,Hip,1142,632,SB,1808,2,0,3,7,1,2008,3,850,200,26,0,2009,324000
8834,1Fam,2Story,2004,2005,Hip,1170,292,SB,2224,2,1,4,10,1,2004,3,738,184,0,0,2009,350000
11362,1Fam,1Story,2004,2005,Gable,1039,797,SB,1836,2,0,3,7,1,2004,3,862,125,185,0,2009,280000
10655,1Fam,1Story,2003,2004,Gable,1124,1603,SB,1629,2,0,3,7,1,2003,3,880,0,0,0,2009,284000
12878,1Fam,1Story,2003,2004,Hip,1262,498,SB,1760,2,0,3,8,1,2003,2,583,165,190,0,2009,269500
9541,1Fam,1Story,2009,2009,Gable,0,1502,SB,1502,2,0,3,7,0,2009,2,644,0,114,0,2009,233170
13472,1Fam,1Story,2003,2003,Hip,56,2336,SB,2392,2,0,3,8,1,2003,3,968,248,105,0,2009,386250
15274,1Fam,1Story,2003,2003,Hip,1972,480,SB,2452,2,0,3,10,1,2003,3,886,0,116,0,2009,445000
13262,1Fam,2Story,2003,2004,Gable,0,1082,SB,2400,3,1,4,10,1,2003,3,730,114,40,0,2009,290000
9658,1Fam,1Story,2006,2006,Gable,0,1598,SB,1606,2,0,3,6,1,2006,3,871,230,60,0,2009,255900
6904,TwnhsE,1Story,2005,2005,Gable,836,522,SB,1358,2,0,2,6,1,2005,2,484,192,36,0,2009,213000
5381,Twnhs,1Story,2005,2005,Gable,900,406,SB,1306,2,0,1,5,1,2005,2,624,170,63,0,2009,196000
5122,Twnhs,1Story,2005,2005,Gable,881,425,SB,1306,2,0,1,5,1,2005,2,624,170,63,0,2009,184500
10307,TwnhsE,1Story,2007,2008,Gable,876,474,SB,1358,2,0,2,6,1,2008,2,484,192,26,0,2009,212500
5001,Twnhs,1Story,2007,2008,Gable,904,410,SB,1314,2,0,2,6,1,2008,2,626,172,62,0,2009,230000
15262,1Fam,1Story,2003,2004,Hip,1557,643,SB,2200,2,1,3,8,1,2003,3,685,208,55,0,2009,382500
7390,TwnhsE,1Story,2008,2009,Hip,800,1084,SB,1884,2,0,2,6,1,2008,2,649,231,90,0,2009,320000
6472,TwnhsE,1Story,2008,2008,Hip,0,1451,SB,1456,2,0,2,6,1,2008,2,539,192,42,0,2009,248500
16770,1Fam,1Story,2002,2003,Hip,1196,516,SB,1712,2,0,3,8,1,2002,3,701,218,183,0,2009,286500
6240,TwnhsE,1Story,2006,2006,Hip,863,461,SB,1324,2,0,2,6,1,2006,2,550,192,38,0,2009,254000
3480,TwnhsE,1Story,2003,2003,Gable,0,1405,SB,1405,2,0,2,6,1,2003,2,478,148,36,0,2009,173000
2268,Twnhs,2Story,2003,2004,Gable,567,197,SB,1626,2,0,2,6,0,2003,2,474,0,27,0,2009,173000
10928,1Fam,2Story,2005,2005,Gable,0,728,SB,1456,2,1,3,8,1,2005,2,390,100,0,0,2009,184000
8918,1Fam,2Story,2005,2006,Gable,0,745,SB,1490,2,1,3,7,1,2005,2,392,36,20,0,2009,167800
12589,1Fam,2Story,2005,2005,Gable,0,742,SB,1484,2,1,3,8,1,2005,2,390,36,24,0,2009,174000
11911,1Fam,2Story,2005,2005,Gable,0,684,SB,1560,2,1,3,6,1,2005,2,400,100,38,0,2009,174000
3684,TwnhsE,1Story,2007,2007,Hip,0,1373,SB,1555,2,0,2,7,1,2007,3,660,143,20,0,2009,174000
3635,TwnhsE,1Story,2007,2007,Hip,988,398,SB,1569,2,0,1,7,1,2007,3,660,143,20,0,2009,175900
3182,TwnhsE,1Story,2005,2006,Gable,16,1357,SB,1555,2,0,2,7,1,2005,2,430,143,20,0,2009,192500
3182,TwnhsE,1Story,2005,2006,Gable,16,1330,SB,1504,2,0,1,7,1,2005,2,457,156,0,0,2009,181000
3182,TwnhsE,1Story,2005,2006,Gable,16,1204,SB,1220,2,0,2,5,1,2005,2,397,100,16,0,2009,180000
3182,TwnhsE,1Story,2005,2006,Gable,16,1129,SB,1145,2,0,2,5,1,2005,2,397,100,16,0,2009,160200
7795,1Fam,2Story,2004,2005,Gable,425,291,SB,1432,2,1,3,6,1,2004,2,432,100,51,0,2009,188500
8068,1Fam,2Story,2002,2002,Gable,0,1010,SB,2267,2,1,4,8,1,2002,2,390,120,46,0,2009,2.00E+05
9434,1Fam,SLvl,2004,2005,Gable,0,384,SB,1374,2,1,3,6,1,2004,2,400,100,0,0,2009,170000
7984,1Fam,2Story,2004,2005,Gable,0,868,SB,1630,2,1,3,7,1,2004,2,436,120,48,0,2009,189500
7750,1Fam,SLvl,2002,2002,Hip,353,55,SB,1419,2,1,3,7,1,2002,2,527,120,0,0,2009,184100
10125,1Fam,2Story,2004,2004,Gable,0,846,SB,1594,2,1,3,7,1,2004,2,434,300,48,0,2009,195500
8965,1Fam,2Story,2003,2003,Gable,652,130,SB,1489,2,1,3,8,1,2003,2,400,0,75,0,2009,192000
8174,1Fam,2Story,2003,2003,Gable,494,204,SB,1342,2,1,3,7,1,2003,2,393,100,56,0,2009,178000
5063,Twnhs,1Story,2007,2008,Gable,904,410,SB,1314,2,0,2,6,1,2008,2,626,172,62,0,2009,207500
8795,1Fam,2Story,2000,2000,Gable,300,652,SB,2256,2,1,4,8,1,2000,2,554,224,54,0,2009,236000
12224,1Fam,2Story,2000,2000,Gable,695,297,SB,2054,2,1,3,7,1,2000,2,390,24,48,0,2009,244000
9734,1Fam,SLvl,2004,2004,Gable,241,30,SB,1374,2,1,3,7,0,2004,2,400,0,0,0,2009,167000
8123,1Fam,2Story,2000,2000,Gable,0,982,SB,1800,2,1,3,7,1,2000,2,463,100,63,0,2009,179000
8433,1Fam,2Story,2000,2000,Gable,683,111,SB,1514,2,1,3,7,1,2000,2,394,0,72,0,2009,190000
7750,1Fam,SLvl,1999,2000,Gable,0,384,SB,1430,2,1,3,7,1,1999,2,400,0,0,0,2009,156000
15896,1Fam,2Story,1999,1999,Gable,913,264,SB,2312,2,1,4,8,1,1999,3,658,298,0,0,2009,245000
24682,1Fam,2Story,1999,1999,Gable,0,841,SB,1675,2,1,3,7,1,1999,2,502,0,103,0,2009,181000
8755,1Fam,2Story,1999,1999,Gable,772,220,SB,2060,2,1,3,8,1,1999,2,390,0,0,0,2009,214000
7848,1Fam,SLvl,1999,1999,Gable,0,384,SB,1430,2,1,3,7,1,1999,2,410,0,0,0,2009,168000
9430,1Fam,2Story,1999,1999,Gable,1163,89,SB,2365,2,1,3,8,1,1999,3,856,0,128,0,2009,337000
15138,1Fam,2Story,1995,1996,Gable,689,773,SB,2794,2,1,4,9,1,1995,3,810,0,146,0,2009,403000
12720,1Fam,2Story,2000,2000,Gable,1173,282,SB,2687,2,1,4,10,2,2000,3,810,252,30,0,2009,327000
16545,1Fam,2Story,1998,1998,Gable,781,503,SB,2450,2,1,3,7,1,1998,3,1069,0,126,0,2009,340000
12203,1Fam,2Story,1998,1999,Hip,854,371,SB,2612,2,1,4,8,1,1998,3,676,250,0,0,2009,336000
10208,1Fam,2Story,1996,1997,Gable,0,1264,SB,2344,2,1,3,7,1,1996,3,889,220,0,0,2009,265000
10750,1Fam,1Story,1994,1995,Hip,236,262,SB,2063,2,0,3,7,2,1994,3,815,182,56,0,2009,315000
9900,1Fam,2Story,1993,1993,Gable,987,360,SB,2646,2,1,4,9,1,1993,3,656,340,60,0,2009,260000
9085,1Fam,2Story,1995,1996,Gable,816,254,SB,2061,2,1,3,7,1,1995,2,647,296,102,0,2009,260000
11692,1Fam,2Story,1993,1994,Gable,624,549,SB,2232,2,1,3,8,1,1993,2,623,173,165,0,2009,263550
46589,1Fam,2Story,1994,2005,Hip,1361,88,SB,2448,2,1,4,8,1,1994,3,711,517,76,0,2009,402000
29959,1Fam,2Story,1994,1994,Gable,595,378,SB,1850,2,1,3,7,1,1994,2,467,168,98,0,2009,248000
9612,1Fam,1Story,2008,2009,Gable,0,1468,SB,1468,2,0,3,6,1,2008,3,898,210,150,0,2009,244600
11194,1Fam,1Story,2008,2008,Gable,0,1696,SB,1696,2,0,3,7,0,2008,3,972,120,56,0,2009,275000
10206,1Fam,1Story,2008,2008,Gable,0,1614,SB,1658,2,1,3,7,1,2008,3,726,144,44,0,2009,257500
9262,1Fam,1Story,2008,2009,Gable,0,1573,SB,1578,2,0,3,7,1,2008,3,840,0,36,0,2009,287090
10130,1Fam,1Story,2007,2007,Gable,1294,408,SB,1702,2,0,3,7,1,2007,3,844,0,69,0,2009,275500
9139,1Fam,1Story,2006,2006,Hip,379,1043,SB,1432,2,0,3,7,1,2006,2,492,297,50,0,2009,245000
9675,1Fam,2Story,2005,2005,Gable,341,772,SB,1971,2,1,3,8,1,2005,2,689,0,48,0,2009,253000
8640,1Fam,2Story,2009,2009,Gable,822,78,SB,1852,2,1,3,7,1,2009,2,644,168,108,0,2009,252678
9000,1Fam,2Story,2008,2008,Gable,0,768,SB,1590,2,1,3,6,0,2008,2,676,0,30,0,2009,210000
7862,1Fam,1Story,2009,2009,Gable,27,1191,SB,1218,2,0,2,4,0,2009,2,676,0,102,0,2009,208300
8640,1Fam,1Story,2009,2009,Gable,936,364,SB,1314,2,0,3,6,0,2009,2,552,135,112,0,2009,229456
8640,1Fam,1Story,2008,2008,Hip,0,1402,SB,1402,2,0,3,7,0,2008,2,625,205,126,0,2009,229800
12606,1Fam,1Story,2007,2008,Gable,0,1530,SB,1530,2,0,3,7,1,2008,3,984,212,136,0,2009,250000
9187,1Fam,1Story,2009,2009,Gable,1121,645,SB,1766,2,1,2,7,1,2009,3,478,195,130,0,2009,370878
7500,1Fam,1Story,2006,2007,Gable,24,1348,SB,1448,2,0,2,6,1,2006,2,692,0,140,0,2009,238500
11003,1Fam,2Story,2008,2008,Gable,765,252,SB,2007,2,1,3,10,1,2008,3,812,168,52,0,2009,310000
10603,1Fam,2Story,2006,2006,Hip,682,218,SB,1795,2,1,3,8,1,2006,3,782,168,45,0,2009,270000
10574,1Fam,2Story,2005,2006,Gable,0,1082,SB,1953,2,1,3,9,1,2005,3,1043,160,50,0,2009,252000
8125,1Fam,2Story,2006,2007,Gable,812,280,SB,1550,2,0,2,7,0,2007,2,438,0,168,0,2009,241000
8125,1Fam,1Story,2008,2009,Hip,0,1836,SB,1836,2,0,3,8,1,2009,2,517,0,175,0,2009,264500
10625,1Fam,1Story,2006,2007,Gable,1430,222,SB,1662,2,0,3,8,1,2006,3,711,168,120,0,2009,291000
9375,1Fam,2Story,2003,2004,Gable,0,912,SB,2094,2,1,4,8,1,2003,2,615,182,182,0,2009,263000
7500,1Fam,1Story,2004,2005,Gable,410,811,SB,1221,2,0,2,6,0,2004,2,400,0,113,0,2009,185000
8736,1Fam,1Story,2003,2004,Gable,771,422,SB,1553,2,0,3,6,0,2003,2,588,192,88,0,2009,234500
8127,1Fam,2Story,2003,2003,Gable,410,402,SB,1653,2,1,3,6,0,2003,2,628,0,45,0,2009,209000
9605,1Fam,1Story,2007,2007,Gable,0,1218,SB,1218,1,1,3,6,0,2007,2,576,0,178,0,2009,159000
7500,1Fam,1Story,2006,2006,Gable,54,1087,SB,1141,1,1,3,6,0,2006,2,484,182,0,0,2009,152000
7500,1Fam,1Story,2004,2004,Gable,0,1158,SB,1158,1,1,3,5,0,0,0,0,0,50,0,2009,143500
10628,1Fam,2Story,2004,2004,Gable,0,835,SB,1812,2,1,3,8,0,2004,2,478,146,91,0,2009,193000
10141,1Fam,1Story,2004,2004,Gable,516,222,SB,1512,2,0,3,6,0,2004,3,845,210,36,0,2009,203000
13072,1Fam,1Story,2004,2005,Gable,0,1114,SB,1114,1,1,3,6,0,2005,2,576,248,102,0,2009,159000
13072,1Fam,1Story,2004,2004,Gable,0,1114,SB,1114,1,1,3,6,0,0,0,0,0,39,0,2009,142000
12450,1Fam,1Story,2003,2004,Gable,836,278,SB,1114,2,0,3,6,0,2004,2,576,0,42,0,2009,153000
7328,1Fam,1Story,2008,2009,Gable,0,1450,SB,1450,2,0,2,6,0,2008,3,788,0,93,0,2009,224243
11492,1Fam,2Story,1996,1997,Gable,637,276,SB,2122,2,1,4,8,1,1997,2,559,0,74,0,2009,220000
10994,1Fam,1Story,2005,2006,Gable,976,868,SB,1844,2,0,2,7,1,2005,2,620,165,44,0,2009,257000
8529,1Fam,1Story,2001,2001,Gable,20,1434,SB,1434,2,0,3,6,1,2001,2,527,290,39,0,2009,189000
7703,1Fam,2Story,1992,1992,Gable,52,400,SB,1730,2,1,3,6,0,1992,2,528,0,91,0,2009,171500
10762,TwnhsE,2Story,1980,1980,Gable,0,626,SB,1217,1,1,3,6,1,1980,1,288,0,28,0,2009,120000
7175,TwnhsE,1Story,1990,1991,Gable,0,1332,SB,1332,2,0,2,5,0,1990,2,542,0,60,0,2009,145000
9109,1Fam,2Story,1994,1994,Gable,36,122,SB,1540,2,1,3,6,0,1994,2,495,140,32,0,2009,184000
10274,1Fam,2Story,1986,1986,Gable,331,345,SB,1400,2,1,3,6,0,1986,2,465,0,48,0,2009,162000
8250,Duplex,2Story,1981,1981,Gable,0,0,SB,1882,2,0,4,8,2,1981,2,612,0,0,0,2009,160000
8400,1Fam,1Story,1950,1950,Gable,0,721,SB,841,1,0,2,4,0,1950,1,294,250,0,0,2009,82000
9000,1Fam,1.5Unf,1928,1950,Gable,0,784,FA,784,1,0,2,5,0,1950,2,360,0,0,0,2009,76000
9750,1Fam,1Story,1962,1962,Hip,68,28,SB,980,1,0,3,5,0,1969,2,400,0,28,0,2009,110000
7064,1Fam,1Story,1977,1977,Gable,560,420,SB,980,1,0,3,6,0,1986,2,484,192,0,0,2009,135000
8499,1Fam,1Story,1961,1961,Gable,660,204,SB,864,1,0,3,5,0,1982,2,732,0,312,0,2009,141000
9079,1Fam,1Story,1961,1961,Gable,864,0,SB,864,1,0,2,5,0,1961,1,440,158,0,0,2009,122000
9316,1Fam,1Story,1965,1965,Gable,544,480,SB,1020,2,0,3,5,0,1965,1,288,171,0,0,2009,124100
7791,1Fam,1Story,1963,1995,Gable,624,288,SB,912,1,0,3,6,0,1963,1,300,0,0,0,2009,129000
10000,1Fam,1Story,1961,1983,Hip,594,270,SB,1144,1,0,3,6,1,1961,1,264,165,0,0,2009,131400
8281,1Fam,1Story,1965,1965,Gable,553,0,SB,864,1,0,3,5,1,1965,1,360,0,0,0,2009,62383
7150,1Fam,1Story,1962,1962,Gable,140,182,SB,912,1,0,3,6,0,1962,1,252,0,0,0,2009,123000
15676,1Fam,1Story,1980,1980,Gable,1733,189,SB,2014,2,0,2,6,2,1980,3,864,462,0,0,2009,275000
11949,1Fam,2Story,1991,2008,Gable,601,158,SB,1755,2,1,3,7,1,1991,2,524,502,60,0,2009,235000
2880,Twnhs,2Story,2004,2005,Gable,0,1376,SB,3005,2,1,3,9,1,2004,3,704,0,177,0,2009,280750
3951,TwnhsE,2Story,2009,2009,Gable,0,612,SB,1224,2,1,2,4,0,2009,2,528,0,234,0,2009,164500
3000,TwnhsE,2Story,2009,2009,Gable,294,318,SB,1224,2,1,2,4,0,2009,2,528,0,234,0,2009,173733
3830,TwnhsE,1Story,2008,2008,Gable,0,1726,SB,1726,2,1,2,6,1,2008,2,561,0,254,0,2009,222000
4217,TwnhsE,1Story,2008,2008,Gable,962,183,SB,1256,1,1,1,5,1,2008,2,641,0,169,0,2009,195000
3230,TwnhsE,2Story,1999,1999,Gable,381,348,SB,1471,2,1,3,6,0,1999,2,440,0,24,0,2009,172500
2998,TwnhsE,2Story,2000,2000,Gable,507,249,SB,1512,2,1,2,4,0,2000,2,440,0,32,0,2009,180000
3768,TwnhsE,2Story,1999,1999,Hip,549,142,SB,1452,2,1,3,6,0,1999,2,506,0,34,0,2009,156000
2645,Twnhs,2Story,1999,2000,Gable,649,321,SB,1739,2,1,3,7,0,1999,2,480,115,0,0,2009,172500
14694,1Fam,1Story,1977,2008,Gable,1252,306,SB,1694,2,0,2,5,1,1977,2,642,501,120,0,2009,318750
3782,TwnhsE,1Story,1981,1981,Gable,960,266,SB,1226,1,0,1,4,2,1981,2,484,133,78,0,2009,211500
15417,1Fam,1Story,1981,1981,Gable,121,1619,SB,1740,1,1,2,7,0,1981,2,540,228,20,0,2009,241600
9600,1Fam,SLvl,1976,1976,Gable,0,392,SB,2499,2,1,4,5,1,1976,2,527,0,64,0,2009,180500
9991,1Fam,1Story,1976,1993,Gable,1116,165,SB,1620,2,0,3,8,1,1993,2,490,120,78,0,2009,150000
11700,1Fam,2Story,1968,1968,Gable,298,429,SB,1556,1,1,4,8,0,1968,2,441,0,0,0,2009,154000
11717,1Fam,1Story,1970,1970,Hip,0,1442,SB,1442,2,0,2,6,1,1970,2,615,371,0,0,2009,185000
9156,1Fam,1Story,1968,1968,Hip,0,1489,SB,1489,2,0,3,7,1,1968,2,462,0,0,0,2009,185750
10382,1Fam,2Story,1973,1973,Gable,859,216,SB,2090,2,1,3,7,2,1973,2,484,235,204,0,2009,2.00E+05
12732,1Fam,2Story,1974,1974,Gable,560,150,SB,2067,2,1,3,7,2,1974,2,784,297,40,0,2009,206000
12936,1Fam,2Story,1972,1972,Gable,593,130,SB,1395,1,1,3,6,1,1972,2,497,294,116,0,2009,162000
10400,1Fam,2Story,1967,1997,Gable,0,932,SB,2640,2,1,5,8,1,1967,2,515,0,120,0,2009,256900
17871,1Fam,SLvl,1967,1976,Gable,528,1152,SB,1724,1,1,3,7,1,1967,2,480,0,0,0,2009,197900
9600,1Fam,1Story,1969,1969,Gable,553,588,SB,1336,2,0,3,6,1,1969,2,502,312,11,0,2009,163000
9000,1Fam,1Story,1969,1969,Gable,955,261,SB,1216,1,0,3,5,0,1969,1,336,0,0,0,2009,113000
13774,1Fam,2Story,1977,1992,Hip,432,476,SB,2288,1,2,4,8,2,1977,2,520,321,72,0,2009,230000
9650,1Fam,1Story,1977,1977,Gable,686,664,SB,1334,2,0,2,6,1,1977,2,630,0,16,0,2009,167900
10140,1Fam,1Story,1998,1999,Hip,144,379,SB,1680,2,0,3,7,1,1998,2,583,78,73,0,2009,213250
8400,1Fam,2Story,2001,2001,Gable,643,167,SB,1665,2,1,3,6,0,2001,2,528,0,45,0,2009,227000
7130,1Fam,1Story,1967,1967,Gable,648,216,SB,864,1,0,2,5,0,1967,1,312,0,0,0,2009,130000
9600,1Fam,1Story,1967,1967,Hip,0,1568,SB,1568,1,1,3,7,0,1967,2,440,160,40,0,2009,143000
9100,1Fam,1Story,1965,1965,Gable,338,121,SB,925,1,0,2,5,0,1965,1,429,0,0,0,2009,117500
9600,1Fam,2Story,1974,1974,Gable,698,467,SB,2061,2,1,4,8,1,1974,2,498,0,77,0,2009,168500
16500,1Fam,SFoyer,1971,1971,Hip,962,270,SB,1320,2,0,3,5,1,1971,2,495,0,20,0,2009,172500
9790,1Fam,1Story,1967,1967,Gable,251,491,SB,1342,2,0,3,7,1,1967,2,457,0,0,0,2009,161500
7436,1Fam,1Story,1960,1960,Gable,734,160,SB,894,1,0,2,5,1,1988,2,396,0,0,0,2009,141500
8125,1Fam,1Story,1959,1959,Hip,403,461,SB,864,1,0,3,5,0,1960,1,308,0,0,0,2009,118000
9450,1Fam,1Story,1957,1957,Gable,775,265,SB,1362,1,0,3,6,1,1982,3,768,0,0,0,2009,140000
13495,1Fam,1Story,1956,1956,Gable,625,222,SB,1728,2,0,3,7,1,1956,2,576,0,99,0,2009,177625
11475,Duplex,1Story,1958,1958,Gable,0,1584,SB,1776,2,0,4,9,0,1968,3,888,0,25,0,2009,110000
10004,1Fam,1Story,1964,1964,Gable,196,975,SB,1516,1,1,3,6,0,1964,2,472,0,0,0,2009,167000
9350,1Fam,1Story,1961,1995,Gable,310,491,SB,1313,1,1,3,6,1,1961,2,610,172,28,0,2009,153000
10500,1Fam,1Story,1964,1964,Gable,998,294,SB,1292,1,1,3,6,2,1964,2,520,0,32,0,2009,145100
11000,1Fam,1Story,1966,1966,Gable,740,184,SB,1154,1,1,3,6,1,1966,2,480,0,58,0,2009,154000
8970,1Fam,2Story,1965,1965,Gable,388,356,SB,2140,2,1,4,7,1,1965,2,549,0,40,0,2009,177500
12095,1Fam,SLvl,1964,1964,Gable,564,563,SB,1445,1,1,3,7,1,1964,2,645,180,0,0,2009,158000
9600,1Fam,1Story,1959,1959,Gable,991,50,SB,1041,1,0,3,6,0,1959,1,270,224,88,0,2009,124500
11475,1Fam,SLvl,1961,1961,Hip,568,640,SB,1576,1,0,4,7,1,1961,2,368,85,0,0,2009,174500
9768,1Fam,1Story,1955,1955,Gable,100,613,SB,960,1,0,2,5,0,1955,1,330,0,70,0,2009,122000
5330,1Fam,1Story,1940,1950,Hip,280,140,SB,708,1,0,2,5,0,0,0,0,164,0,0,2009,82500
7015,1Fam,1.5Fin,1950,1950,Gable,185,524,SB,1203,1,0,3,5,1,1950,1,352,0,0,0,2009,110000
12160,1Fam,1Story,1953,1953,Hip,1024,481,SB,1505,1,0,2,6,1,1953,2,505,0,0,0,2009,149500
9900,1Fam,1Story,1967,1967,Gable,1173,507,SB,1691,1,0,2,5,0,1967,2,550,0,67,0,2009,175000
9600,1Fam,1Story,1953,1953,Hip,1285,131,SB,1644,1,0,3,7,2,1953,2,418,110,0,0,2009,167000
9600,1Fam,1Story,1956,1956,Hip,504,546,SB,1050,1,0,2,5,0,1956,1,338,0,0,0,2009,128900
9600,1Fam,1.5Fin,1950,2005,Gable,120,736,SB,1668,1,1,3,6,0,1950,1,271,0,0,0,2009,140000
9600,1Fam,1Story,1950,2007,Gable,607,506,SB,1113,1,0,3,5,1,1950,1,264,0,80,0,2009,147000
8944,Duplex,1Story,1967,1967,Gable,0,1584,SB,1584,2,0,4,8,0,1967,3,792,0,152,0,2009,124000
10573,1Fam,1Story,1961,1961,Hip,1312,141,SB,1453,2,0,3,6,1,1961,2,530,0,49,0,2009,187500
9500,1Fam,1Story,1963,1963,Gable,609,785,SB,1394,1,1,3,6,2,1963,2,514,0,76,0,2009,159000
14695,1Fam,1Story,1966,2008,Gable,1387,175,SB,1567,2,0,2,5,2,1966,2,542,0,110,0,2009,256000
13600,1Fam,2Story,1965,1990,Gable,454,314,SB,1986,2,1,3,7,3,1965,2,486,0,42,0,2009,205000
13000,1Fam,2Story,1968,1968,Gable,448,448,SB,2142,2,1,4,8,1,1968,1,509,0,72,0,2009,193500
13560,1Fam,1Story,1968,1968,Hip,0,1392,SB,1392,1,0,2,5,2,1968,2,576,0,0,0,2009,110000
12513,1Fam,1.5Fin,1920,2007,Gable,0,715,SB,1738,2,0,4,7,1,1920,1,368,55,0,0,2009,104900
8760,1Fam,1Story,1956,1956,Gable,856,313,SB,1144,1,0,3,6,0,1956,1,286,257,0,0,2009,150000
8400,1Fam,1Story,1957,1957,Hip,189,628,SB,1478,1,1,3,6,2,1957,2,442,114,0,0,2009,156500
12285,1Fam,1Story,1960,1960,Gable,544,785,SB,1329,1,1,3,5,2,1960,2,441,0,0,0,2009,176000
9240,1Fam,1Story,1959,1998,Hip,708,280,SB,988,2,0,3,6,0,1959,1,297,156,0,0,2009,149500
9600,1Fam,1Story,1958,1988,Hip,620,0,SB,1632,2,0,3,6,1,1958,1,338,289,0,0,2009,139000
12400,1Fam,1Story,1958,1998,Hip,585,630,FA,1215,1,0,3,6,0,1958,1,297,0,0,0,2009,155000
8750,1Fam,1Story,1956,1956,Gable,435,565,SB,1202,1,0,3,6,0,1956,1,304,0,35,0,2009,120000
8750,1Fam,1Story,1955,1955,Gable,172,727,FA,1382,1,0,3,6,0,1955,1,350,280,0,0,2009,153000
10400,1Fam,1Story,1956,1956,Gable,155,295,SB,1200,1,0,3,6,2,1956,1,294,0,189,0,2009,144000
19296,1Fam,SLvl,1962,1962,Gable,672,0,SB,1382,1,0,3,6,1,1991,2,884,0,0,0,2009,176000
8532,1Fam,1Story,1954,1990,Hip,1213,84,SB,1297,1,0,3,5,1,1954,2,498,0,0,0,2009,153000
9482,Duplex,1Story,1958,1958,Hip,0,1866,SB,1866,2,0,4,8,0,1958,2,495,0,0,0,2009,135000
8128,1Fam,1Story,1954,1954,Hip,490,572,SB,1062,1,0,3,6,0,1954,1,297,0,0,0,2009,131000
10634,1Fam,1Story,1953,1953,Gable,428,0,SB,1319,1,0,3,5,0,1953,1,270,66,0,0,2009,123000
13070,1Fam,1Story,1951,1951,Hip,308,323,FA,1112,1,0,2,5,0,1951,2,480,0,0,0,2009,126000
10434,1Fam,1Story,1955,1955,Gable,0,1005,SB,1005,1,0,2,5,1,1977,2,672,0,0,0,2009,115000
14559,1Fam,1Story,1951,2000,Hip,650,178,SB,1363,1,0,2,6,2,1951,1,288,324,42,0,2009,164900
8480,1Fam,1Story,1945,1950,Gable,700,93,SB,793,1,0,2,4,0,1945,1,240,0,0,0,2009,113000
7626,1Fam,1Story,1952,2005,Hip,931,100,SB,1031,1,0,2,5,0,1952,1,230,0,0,0,2009,145500
9533,1Fam,1Story,1953,1953,Hip,0,0,FA,1210,1,1,2,7,0,1953,1,616,208,0,0,2009,102900
10615,2fmCon,2Story,1900,1970,Gable,440,538,SB,1699,2,0,3,7,0,1920,2,420,0,74,0,2009,95000
11419,1Fam,2Story,1948,1999,Gable,699,0,FA,1527,1,1,3,6,1,1948,2,410,0,0,0,2009,152500
9600,1Fam,1Story,1950,1950,Gable,390,810,SB,1200,1,0,3,6,0,1950,1,246,126,0,0,2009,129900
8000,1Fam,1Story,1948,2002,Gable,680,292,SB,972,1,0,2,5,1,1948,1,240,0,0,0,2009,132000
5470,1Fam,1Story,1958,1958,Gable,0,792,FA,792,1,0,2,4,0,1958,1,366,0,90,0,2009,99900
10410,1Fam,1.5Fin,1916,1987,Gable,0,660,SB,1656,2,1,3,8,0,1916,1,180,0,0,0,2009,135000
10800,1Fam,2Story,1939,2006,Gable,0,676,SB,1352,2,0,4,7,0,1939,2,720,187,0,0,2009,149000
8146,1Fam,2Story,1900,2003,Gable,0,405,SB,1039,1,0,2,6,0,1940,1,281,0,0,0,2009,114000
9022,1Fam,1Story,1924,2006,Gable,0,768,SB,792,1,0,2,5,0,1924,1,240,316,0,0,2009,109500
10230,1Fam,1Story,1925,1950,Gable,0,1054,SB,1078,1,0,3,6,0,1987,1,264,0,0,0,2009,125000
10410,1Fam,1.5Fin,1915,1950,Gable,0,1313,SB,2377,2,0,3,8,1,1954,2,528,0,0,0,2009,142900
7200,1Fam,2Story,1910,2008,Gable,0,560,SB,1690,2,0,4,5,0,2008,2,624,0,0,0,2009,156500
5400,1Fam,1.5Fin,1920,1950,Gable,315,420,SB,1374,1,0,2,6,0,1967,1,338,0,0,0,2009,105000
10800,1Fam,1Story,1920,1950,Gable,0,720,SB,846,1,0,2,4,0,1980,2,576,0,0,0,2009,106000
10800,1Fam,1Story,1890,1998,Gable,0,630,FA,725,1,1,1,4,0,1959,1,320,0,30,0,2009,78500
9671,Duplex,2Story,1969,1969,Gable,0,1248,SB,2544,2,2,6,12,0,1969,3,907,0,0,0,2009,190000
10143,1Fam,1Story,1963,1963,Gable,384,996,SB,1380,1,1,3,6,0,1963,1,364,0,0,0,2009,154000
11500,1Fam,1Story,1967,1967,Gable,872,108,SB,1040,1,0,3,6,1,1967,2,480,0,0,0,2009,163000
11643,Duplex,2Story,1969,1969,Gable,500,748,SB,2634,2,2,6,12,0,1969,4,968,0,0,0,2009,2.00E+05
8010,1Fam,1Story,1958,2007,Hip,745,206,SB,951,1,0,2,6,0,1985,2,480,0,0,0,2009,143500
10454,1Fam,1Story,1957,1957,Hip,546,559,FA,1105,1,0,3,5,0,1957,1,308,0,0,0,2009,135000
8712,1Fam,1Story,1957,2000,Hip,860,132,SB,1306,1,0,2,5,0,1968,1,756,0,0,0,2009,153000
17600,1Fam,1Story,1960,1960,Gable,1270,208,FA,1478,2,0,3,6,2,1960,2,498,0,40,0,2009,157500
9000,1Fam,1Story,1958,1958,Flat,0,160,SB,1142,1,0,2,5,1,1958,1,384,0,28,0,2009,113500
12144,1Fam,1Story,1949,1950,Gable,375,457,SB,1268,1,0,3,6,1,1949,1,288,0,28,0,2009,133000
8544,Duplex,1Story,1950,1950,Gable,0,0,FA,1040,2,0,2,6,0,1987,2,400,0,0,0,2009,92900
8064,1Fam,1.5Fin,1950,1950,Gable,621,174,SB,1133,1,0,3,5,0,1989,2,900,0,0,0,2009,128500
7200,Duplex,1Story,1949,1950,Gable,0,0,FF,1040,2,0,2,6,0,1956,2,420,0,0,0,2009,90000
7200,1Fam,1.5Fin,1950,1982,Gable,180,676,FA,1904,1,1,3,7,0,1950,1,240,0,0,0,2009,138000
7350,1Fam,1Story,1958,1958,Hip,0,1041,SB,1041,1,0,3,6,0,1958,1,294,0,0,0,2009,128000
7560,1Fam,1Story,1958,1965,Hip,504,525,SB,1339,1,0,3,6,0,1958,1,294,0,0,0,2009,139000
7200,1Fam,1Story,1952,1952,Gable,630,0,SB,732,1,0,2,4,0,1952,1,240,0,68,0,2009,118900
8000,1Fam,SLvl,1959,1959,Gable,433,0,SB,1183,1,0,3,6,0,1959,1,288,0,0,0,2009,138000
7931,1Fam,1Story,1959,1959,Hip,1148,0,SB,1148,1,0,3,6,0,1959,1,672,0,0,0,2009,132500
10800,1Fam,1.5Fin,1949,1996,Gable,0,832,FF,1461,2,0,4,6,0,1949,1,384,0,204,0,2009,133500
8064,1Fam,1.5Fin,1948,1994,Gable,120,744,SB,1495,1,0,3,6,0,1994,2,576,180,36,0,2009,135000
7570,1Fam,2Story,1964,1964,Gable,0,780,SB,1806,1,1,4,8,0,1964,2,483,0,55,0,2009,144750
8604,Duplex,SFoyer,1978,1978,Gable,941,0,SB,941,1,0,2,4,0,1978,2,564,0,40,0,2009,145000
7936,1Fam,1Story,1963,1963,Hip,826,219,SB,1045,1,0,3,6,1,1963,1,264,0,0,0,2009,127000
6600,1Fam,1Story,1962,1962,Hip,0,894,SB,894,1,0,2,5,0,1962,1,308,0,0,0,2009,109500
3950,1Fam,1.5Fin,1926,2004,Gable,468,350,SB,1224,1,0,3,5,0,1926,1,210,0,0,0,2009,115000
10440,1Fam,2Story,1910,1981,Gable,0,440,SB,1230,1,1,2,5,0,1966,2,440,74,0,0,2009,110000
4080,1Fam,1.5Fin,1935,1998,Gable,0,901,SB,1378,1,0,3,6,0,1920,1,162,54,0,0,2009,128900
10307,Duplex,2Story,1910,1950,Gable,633,339,FA,1944,2,0,4,12,0,1920,2,324,0,28,0,2009,103500
5720,1Fam,1.5Fin,1941,1950,Gable,0,676,SB,1131,1,1,3,5,0,1941,1,200,26,0,0,2009,66500
15660,1Fam,1.5Fin,1910,2003,Gable,0,240,SB,1306,1,1,3,6,0,1959,2,472,0,0,0,2009,130000
9900,1Fam,2Story,1910,2002,Gable,0,504,SB,1464,2,0,3,7,0,0,0,0,0,0,0,2009,129000
6406,1Fam,2Story,1939,1950,Gable,421,269,FA,1558,1,1,3,7,1,1939,2,400,0,36,0,2009,150000
6600,1Fam,2Story,1892,1965,Gable,0,994,SB,2372,2,0,4,11,0,1985,1,432,0,287,0,2009,107500
7627,2fmCon,2Story,1920,1950,Gable,0,600,SB,1701,2,0,4,8,0,0,0,0,0,0,0,2009,94550
7596,Duplex,2Story,1952,1952,Hip,0,960,SB,1960,2,0,4,10,0,1952,2,400,0,0,0,2009,124500
3378,1Fam,2Story,1946,1992,Gable,0,651,SB,1389,1,1,3,6,2,1947,1,240,0,0,0,2009,135000
10134,1Fam,1.5Fin,1910,1950,Gable,0,801,SB,1447,1,0,3,6,0,0,0,0,80,0,0,2009,103000
6000,2fmCon,1Story,1953,1953,Gable,0,936,SB,936,1,0,2,4,0,1974,2,576,0,32,0,2009,93000
6000,1Fam,1.5Fin,1950,1970,Gable,384,384,FA,1328,1,1,3,6,0,1950,1,308,0,12,0,2009,129500
6000,2fmCon,1.5Fin,1954,1954,Gable,0,811,FA,1387,2,0,3,7,0,1954,1,256,0,0,0,2009,93000
7404,1Fam,1Story,1920,1950,Gable,0,861,SB,861,1,0,2,5,0,1920,2,288,0,0,0,2009,80000
5784,1Fam,1Story,1938,1996,Gable,0,190,FA,886,1,0,2,4,0,1938,1,273,144,20,0,2009,91300
8520,1Fam,1Story,1923,1950,Gable,0,624,SB,792,1,0,2,5,0,1963,1,287,0,0,0,2009,99500
4456,2fmCon,2Story,1920,2008,Gable,0,736,SB,1452,2,0,2,8,0,0,0,0,0,0,0,2009,113000
9600,1Fam,2Story,1910,1950,Gable,0,677,SB,1510,2,0,3,7,0,1974,2,720,0,0,0,2009,87500
3500,1Fam,1.5Fin,1947,1950,Gable,312,408,SB,1284,1,1,2,5,0,1948,1,240,0,35,0,2009,110000
8100,1Fam,2.5Unf,1898,1965,Hip,0,849,FA,2138,2,0,2,11,0,1910,2,360,40,156,0,2009,106000
11700,1Fam,2Story,1880,2003,Mansard,0,1240,SB,2640,1,1,4,8,1,1950,4,864,181,0,0,2009,265979
8400,1Fam,2Story,1900,1950,Gable,0,917,FA,2007,2,0,3,8,0,1930,1,357,0,235,0,2009,160000
3600,1Fam,2Story,1917,2007,Gable,0,624,SB,1288,1,0,3,5,1,1917,1,280,0,103,0,2009,119000
17671,1Fam,2Story,1882,1986,Gable,216,700,SB,1742,1,1,4,8,1,1925,2,424,0,169,0,2009,168000
9000,1Fam,2Story,1920,1988,Hip,624,26,SB,1482,1,0,3,7,0,1930,2,324,0,0,0,2009,143000
7200,1Fam,1Story,1910,2006,Hip,247,310,SB,1022,1,0,2,4,0,1956,1,280,0,30,0,2009,85000
8820,1Fam,1.5Fin,1890,1996,Hip,1088,0,SB,1869,1,0,2,7,0,1963,2,456,48,0,0,2009,124900
5400,1Fam,1.5Fin,1920,1950,Gable,0,972,SB,1480,1,0,3,6,0,1920,1,207,0,0,0,2009,119000
9720,1Fam,2Story,1910,2002,Gable,0,741,SB,1521,1,0,4,8,0,1950,3,640,0,0,0,2009,146500
21384,1Fam,2Story,1923,2004,Gable,1309,15,SB,1576,1,1,3,6,1,1923,2,528,0,312,0,2009,223500
6615,1Fam,1Story,1923,1950,Gable,0,1022,FA,1432,1,0,3,6,1,1923,1,216,266,61,0,2009,149000
7264,1Fam,1.5Fin,1925,2007,Gable,0,952,SB,1548,2,1,3,5,0,1978,2,672,74,0,0,2009,205000
4960,1Fam,1.5Fin,1930,1982,Gable,0,297,SB,1654,2,0,3,7,1,1955,1,336,244,60,0,2009,137000
8854,1Fam,1.5Unf,1916,1950,Gable,0,952,FF,952,1,0,2,4,1,1916,1,192,0,98,0,2009,121000
6000,1Fam,1.5Fin,1936,1950,Gable,672,0,SB,1324,1,0,3,6,0,1936,1,240,0,0,0,2009,128000
6000,1Fam,1.5Fin,1937,2000,Gable,0,698,SB,1176,1,0,2,4,0,1999,2,624,210,0,0,2009,134900
6000,1Fam,1.5Fin,1925,1997,Gable,0,884,SB,1348,1,0,3,5,1,1960,1,216,0,0,0,2009,117000
6000,1Fam,1.5Fin,1939,1950,Gable,0,780,FF,1412,1,0,4,6,1,1939,1,280,45,0,0,2009,132500
6000,1Fam,1.5Fin,1924,1950,Gable,220,248,SB,1142,1,0,3,6,0,1924,1,320,0,0,0,2009,93000
6000,1Fam,1.5Unf,1926,2004,Gable,0,884,SB,904,1,0,2,4,0,1926,1,180,0,0,0,2009,119000
6911,1Fam,1Story,1924,1950,Gable,405,740,SB,1301,1,0,2,5,0,1965,2,440,0,0,0,2009,1.00E+05
6120,1Fam,1.5Fin,1936,1950,Gable,0,927,SB,1539,1,1,3,5,0,1995,2,576,112,0,0,2009,141500
6120,1Fam,1.5Fin,1935,1995,Gable,0,884,SB,1573,1,0,3,6,0,1935,1,240,0,0,0,2009,133000
6120,1Fam,1Story,1931,1993,Gable,209,506,FA,875,1,0,2,5,0,1931,1,180,48,0,0,2009,105000
6120,1Fam,1Story,1925,1999,Gable,0,960,SB,995,1,0,2,5,0,1926,1,264,0,15,0,2009,115000
6120,1Fam,1.5Fin,1938,1950,Gable,273,679,FA,1582,2,0,3,6,1,1938,1,250,189,0,0,2009,150000
8635,1Fam,1Story,1925,1950,Hip,134,938,SB,1072,1,0,2,5,0,1982,5,1184,0,0,0,2009,126500
11888,1Fam,2.5Unf,1916,1994,Gable,0,844,FA,2134,2,0,5,10,0,1930,2,441,0,60,0,2009,214500
11414,1Fam,2Story,1910,1993,Gable,0,728,SB,2019,1,0,3,8,0,1997,2,532,509,135,0,2009,167500
8094,1Fam,2Story,1915,1950,Gable,0,1048,FA,1768,2,0,3,8,0,1930,2,576,0,0,0,2009,155000
2500,1Fam,2Story,1915,2005,Gable,299,611,SB,1826,1,1,4,7,1,1915,1,164,0,0,0,2009,155000
9928,1Fam,2Story,1915,1994,Gable,0,672,SB,1944,2,0,3,8,0,1915,1,216,24,28,0,2009,179900
5520,1Fam,2.5Fin,1912,1950,Gable,0,755,SB,2229,1,0,5,8,0,0,0,0,0,198,0,2009,104000
3000,Duplex,2Story,1922,1950,Hip,0,1040,SB,2128,2,0,4,11,0,0,0,0,0,56,0,2009,62500
6876,1Fam,2Story,1927,1950,Gable,522,198,SB,1930,2,0,4,8,0,1927,1,316,0,0,0,2009,149000
6240,1Fam,1.5Fin,1925,1950,Gable,152,628,FA,1208,1,0,2,5,0,1962,2,539,0,23,0,2009,103000
5775,1Fam,2Story,1915,2002,Gable,0,483,SB,1427,1,0,3,7,0,1915,1,379,0,24,0,2009,123000
5852,2fmCon,2.5Unf,1902,2000,Gable,169,851,FF,1864,2,1,6,9,0,0,0,0,0,188,0,2009,97500
5160,1Fam,1.5Fin,1927,1950,Gable,0,1204,FA,1666,1,0,3,4,0,1927,1,384,0,0,0,2009,135000
5160,1Fam,SFoyer,1923,1950,Hip,749,46,SB,892,1,0,1,5,0,0,0,0,0,0,0,2009,70000
10320,2fmCon,2Story,1915,1965,Gable,276,160,FF,1403,1,1,3,7,0,1915,1,308,0,0,0,2009,116000
4280,1Fam,1Story,1946,2001,Gable,0,560,FA,704,1,0,2,4,0,1946,1,220,0,0,0,2009,88750
10800,Duplex,1Story,1987,1988,Gable,1200,0,SB,1200,3,0,3,5,0,0,0,0,120,0,0,2009,179000
10800,Duplex,1Story,1987,1988,Gable,1200,0,SB,1200,3,0,3,5,0,0,0,0,120,0,0,2009,179000
10547,Duplex,SFoyer,1978,1978,Gable,1152,0,SB,1152,2,0,2,6,0,1960,1,252,0,0,0,2009,159900
6629,1Fam,2Story,1925,1950,Gambrel,551,121,SB,1369,2,0,3,6,0,1930,1,300,147,0,0,2009,103600
9780,1Fam,1.5Fin,1934,1950,Gable,0,585,FA,1112,2,0,4,6,0,1934,1,226,0,0,0,2009,63000
12886,1Fam,SLvl,1963,1999,Gable,444,76,SB,1464,2,0,3,6,1,1997,2,480,302,0,0,2009,175000
8816,1Fam,1Story,1963,1963,Gable,651,470,SB,1121,1,0,3,5,0,1963,2,480,0,80,0,2009,139000
11184,1Fam,2Story,1978,1978,Hip,226,192,SB,1683,2,1,3,7,1,1978,2,440,243,0,0,2009,172500
11625,1Fam,1Story,1967,1967,Hip,527,525,SB,1052,1,1,3,6,1,1984,1,668,0,215,0,2009,113500
7800,1Fam,1Story,1967,2004,Hip,450,414,SB,899,1,0,3,5,0,1967,1,288,64,0,0,2009,130000
8014,1Fam,SFoyer,1978,1978,Gable,456,0,SB,1034,1,0,3,5,1,1978,2,504,0,0,0,2009,149900
7252,1Fam,SFoyer,1982,1982,Hip,685,173,SB,858,1,0,2,5,0,1983,2,576,120,0,0,2009,134900
8740,1Fam,SFoyer,1982,1982,Hip,672,168,SB,860,1,0,2,4,0,1996,2,528,0,0,0,2009,137000
11616,1Fam,1Story,1962,1962,Gable,170,252,SB,1092,1,0,3,6,1,1962,1,288,0,20,0,2009,139000
15400,1Fam,SLvl,1961,1961,Hip,0,552,SB,1774,2,0,4,8,1,1961,1,384,290,40,0,2009,165000
15312,1Fam,SLvl,1960,1960,Hip,588,550,SB,1138,1,0,3,6,1,1960,2,480,0,0,0,2009,148000
15584,1Fam,SLvl,1956,1956,Hip,0,825,SB,2071,1,1,4,9,1,1956,1,336,131,28,0,2009,165000
9000,1Fam,1Story,1947,1950,Gable,0,0,SB,660,1,0,2,5,0,0,0,0,0,0,0,2009,63900
11250,1Fam,1.5Fin,1957,1989,Gable,0,1104,FA,1788,1,0,5,8,2,1957,1,304,120,0,0,2009,161500
25095,1Fam,1Story,1968,2003,Flat,1324,113,SB,1473,1,0,1,5,2,1968,1,452,0,48,0,2009,143000
17140,1Fam,1Story,1956,1956,Gable,1059,75,FA,1229,1,0,3,6,0,1956,1,284,0,0,0,2009,135000
12342,1Fam,1Story,1940,1950,Gable,262,599,SB,861,1,0,1,4,0,1961,2,539,158,0,0,2009,82500
10708,1Fam,1Story,1955,1993,Hip,379,470,FA,1867,1,0,2,7,3,1955,1,303,476,0,0,2009,190000
13680,1Fam,1Story,1955,1955,Hip,0,0,FA,1733,2,0,4,8,1,1955,2,452,0,0,0,2009,139600
15635,1Fam,1Story,1954,1954,Gable,0,0,SB,1383,1,0,2,6,0,1980,2,498,0,0,0,2009,122000
9855,1Fam,1Story,1956,1956,Hip,0,1436,SB,1689,1,0,3,7,1,1956,2,480,0,0,0,2009,127500
9571,1Fam,1Story,1956,1956,Hip,257,816,FA,1073,1,0,2,5,0,1956,1,340,0,0,0,2009,121500
9350,1Fam,2Story,1946,1950,Hip,342,405,SB,1639,1,1,3,6,1,1946,1,240,0,50,0,2009,154400
9340,1Fam,1Story,1941,1950,Hip,344,328,SB,672,1,0,2,4,0,1941,1,234,0,113,0,2009,113000
7440,1Fam,1Story,1954,1954,Gable,173,916,SB,1089,1,0,3,5,1,1954,1,252,328,0,0,2009,125000
11500,1Fam,1Story,1957,1957,Gable,0,0,SB,845,1,0,3,5,0,1957,1,290,186,0,0,2009,84000
4235,TwnhsE,1Story,1984,1984,Gable,552,104,SB,1049,2,0,2,5,0,1984,1,266,0,105,0,2009,139500
11409,1Fam,1.5Fin,1949,2008,Gable,292,476,SB,1716,1,1,3,8,1,1949,1,281,0,0,0,2009,131000
9060,1Fam,1.5Fin,1939,1950,Gable,204,356,SB,1258,1,0,2,6,0,1939,1,280,0,0,0,2009,105000
9084,1Fam,2Story,1940,1950,Gable,0,755,SB,1510,1,0,4,7,1,1940,1,296,120,0,0,2009,108000
10778,1Fam,SLvl,1990,1991,Gable,460,308,SB,1061,1,1,1,4,0,1990,2,462,114,36,0,2009,162000
19255,1Fam,SLvl,1983,1983,Gable,70,0,SB,1338,1,1,2,5,1,1983,2,576,0,0,0,2009,156500
12327,1Fam,1.5Fin,1983,2009,Gable,1441,55,SB,2132,1,1,1,5,1,1983,2,612,349,40,0,2009,316600
14684,1Fam,1Story,1990,1991,Hip,485,1496,SB,2196,2,0,3,7,1,1990,3,701,84,70,0,2009,271900
9317,1Fam,2Story,1993,1993,Gable,513,227,SB,1775,2,1,3,7,1,1993,2,425,234,72,0,2009,213000
10560,1Fam,2Story,1993,1994,Gable,474,605,SB,1879,2,1,3,8,1,1993,2,473,400,100,0,2009,239900
9828,1Fam,2Story,1995,1995,Gable,584,544,SB,2020,2,1,3,8,1,1995,2,466,0,155,0,2009,239500
26400,1Fam,2Story,1880,2007,Gable,0,0,SB,2016,1,0,4,7,1,1900,2,576,0,0,0,2009,131000
7018,Duplex,1Story,1979,1979,Gable,0,0,SB,1535,2,0,4,8,0,1979,2,410,0,0,0,2009,118964
7018,Duplex,SFoyer,1979,1979,Gable,1086,0,SB,1224,0,2,2,6,2,1979,2,528,120,0,0,2009,153337
7018,Duplex,2Story,1979,1979,Gable,0,0,SB,2228,2,0,6,8,0,1979,2,720,73,0,0,2009,147983
7018,Duplex,1Story,1979,1979,Gable,0,0,SB,1535,2,0,4,8,0,1979,2,400,0,0,0,2009,118858
7018,Duplex,1Story,1979,1979,Gable,0,0,SB,1535,2,0,4,8,0,1979,2,400,0,0,0,2009,118858
7018,Duplex,2Story,1979,1979,Gable,0,0,SB,2240,2,0,6,12,0,1979,2,528,154,0,0,2009,142953
7040,Duplex,SFoyer,1979,1979,Gable,1094,0,SB,1229,0,2,2,6,2,1979,2,672,120,0,0,2009,148325
7007,Duplex,1Story,1979,1979,Gable,0,0,SB,1513,2,0,4,8,0,1979,2,400,0,0,0,2009,113722
11855,Duplex,2Story,2000,2000,Hip,820,348,SB,2787,4,2,6,8,2,2000,4,820,312,0,0,2009,269500
7939,Duplex,2Story,2000,2000,Hip,820,348,SB,2787,4,2,6,8,2,2000,4,820,312,0,0,2009,269500
7976,Duplex,2Story,2000,2000,Hip,820,348,SB,2787,4,2,6,8,2,2000,4,820,312,0,0,2009,269500
10933,1Fam,1Story,2009,2009,Hip,1021,534,SB,1680,1,1,1,8,1,2009,3,1138,185,24,0,2009,323262
10637,1Fam,1Story,2007,2008,Hip,1288,417,SB,1718,2,0,3,7,1,2007,3,826,208,44,0,2009,297000
10226,1Fam,1Story,2008,2008,Gable,0,1622,SB,1630,2,0,3,8,1,2008,3,860,172,42,0,2009,295493
10816,1Fam,1Story,2008,2008,Gable,1104,616,SB,1720,2,0,3,8,1,2008,3,846,208,104,0,2009,332000
9178,1Fam,1Story,2008,2008,Gable,0,1468,SB,1468,2,0,3,6,1,2008,3,904,192,142,0,2009,239900
10769,1Fam,2Story,2007,2007,Gable,20,846,SB,1768,2,1,3,7,0,2007,2,578,144,105,0,2009,212000
11422,1Fam,1Story,2007,2008,Hip,1359,479,SB,1838,2,0,3,7,2,2007,2,524,154,222,0,2009,272500
11923,1Fam,1Story,2007,2007,Gable,0,1800,SB,1800,2,0,2,7,0,2007,2,702,288,136,0,2009,239000
8814,1Fam,1Story,2006,2006,Gable,1334,270,SB,1604,2,1,3,8,1,2006,2,660,123,110,0,2009,220000
6762,1Fam,1Story,2007,2007,Gable,902,380,SB,1290,2,0,2,6,1,2007,2,662,168,0,0,2009,2.00E+05
10324,1Fam,1Story,2008,2008,Gable,872,382,SB,1254,2,0,2,5,0,2008,3,810,168,92,0,2009,221800
7314,1Fam,1Story,2007,2007,Gable,724,508,SB,1232,2,0,2,6,0,2007,2,632,132,0,0,2009,194500
11645,1Fam,1Story,2005,2006,Gable,24,1474,SB,1498,2,0,3,7,1,2005,3,844,144,98,0,2009,237000
11646,1Fam,2Story,2005,2006,Gable,0,704,SB,1422,2,1,3,7,1,2005,2,440,36,28,0,2009,173000
12800,1Fam,SLvl,1989,1989,Gable,1518,0,SB,1644,2,0,2,5,1,1989,2,569,80,0,0,2009,275000
16698,1Fam,2Story,1992,1993,Gable,800,649,SB,1759,2,1,3,7,1,1992,2,525,150,193,0,2009,233500
28698,1Fam,2Story,1967,1967,Flat,249,0,SB,2126,2,1,3,7,0,1967,2,538,486,0,0,2009,185000
12464,1Fam,1Story,1996,1996,Gable,732,308,SB,1040,1,0,3,6,0,2000,2,576,168,0,0,2009,152000
9757,1Fam,1Story,1994,1994,Gable,755,235,SB,990,1,0,3,5,0,1995,1,440,66,0,0,2009,143000
15426,1Fam,2Story,1997,1997,Gable,821,107,SB,1764,2,1,3,7,0,1997,2,470,276,99,0,2009,231500
10667,1Fam,2Story,1996,1996,Gable,385,70,SB,1661,2,1,3,6,1,1996,2,550,158,61,0,2009,212000
14753,1Fam,1Story,1998,1998,Gable,950,513,SB,1463,2,0,3,5,0,1998,2,539,0,81,0,2009,207000
10859,1Fam,1Story,1994,1995,Gable,0,1097,SB,1097,1,1,3,6,0,1995,2,672,392,64,0,2009,145000
8072,1Fam,1Story,1994,1995,Gable,746,244,SB,990,1,0,3,5,0,2000,2,480,0,64,0,2009,138000
10400,1Fam,2Story,1998,1998,Gable,0,866,SB,1779,2,1,3,6,0,1998,2,546,198,36,0,2009,197900
10335,1Fam,1Story,1999,1999,Gable,679,811,SB,1501,2,0,3,6,0,1999,2,577,144,29,0,2009,204000
9017,1Fam,1Story,1999,1999,Gable,560,871,SB,1431,2,0,3,6,0,1999,2,666,0,35,0,2009,192000
8750,1Fam,2Story,1998,1998,Gable,606,322,SB,1772,2,1,3,7,1,1998,2,492,150,96,0,2009,2.00E+05
8935,1Fam,2Story,2002,2002,Gable,0,831,SB,1660,2,1,3,7,0,2002,2,493,144,68,0,2009,195000
9808,1Fam,1Story,2002,2002,Gable,788,785,SB,1573,2,0,3,6,0,2002,2,544,0,72,0,2009,227000
12420,1Fam,2Story,2001,2001,Gable,666,278,SB,1840,2,1,3,6,0,2001,2,622,0,45,0,2009,230000
16285,1Fam,1Story,2001,2002,Gable,0,1413,SB,1430,2,0,3,6,0,2001,2,605,0,33,0,2009,187100
10739,1Fam,1Story,2002,2001,Gable,1259,172,SB,1444,2,0,3,6,0,2002,2,577,144,40,0,2009,203000
11166,1Fam,1Story,2001,2001,Gable,24,1468,SB,1492,2,0,3,6,1,2001,2,608,0,114,0,2009,201000
8430,1Fam,1Story,1978,1978,Gable,616,424,SB,1040,2,0,3,5,0,0,0,0,0,0,0,2009,124000
16269,1Fam,1Story,1978,1978,Gable,625,282,SB,907,1,0,3,5,0,1978,1,343,72,0,0,2009,140000
6950,1Fam,1Story,1979,1979,Gable,710,132,SB,914,1,0,2,5,0,1979,2,444,0,0,0,2009,134900
8800,1Fam,1Story,1977,2008,Gable,532,364,SB,1040,2,0,3,5,0,1977,2,484,0,0,0,2009,150500
7000,1Fam,1Story,1978,2005,Gable,646,218,SB,864,1,0,3,6,0,1978,1,336,0,0,0,2009,136500
9286,1Fam,1Story,1977,1989,Gable,196,1072,SB,1268,1,1,3,5,0,1978,1,252,173,0,0,2009,143500
15523,1Fam,1Story,1972,1972,Gable,460,404,SB,864,1,0,3,5,1,1972,1,338,0,0,0,2009,133500
7200,1Fam,1Story,1972,1972,Hip,777,117,SB,894,1,0,2,6,0,1985,2,600,215,0,0,2009,123000
7200,1Fam,SFoyer,1972,2003,Gable,660,108,SB,768,1,0,2,5,0,1974,1,396,192,0,0,2009,133900
8445,1Fam,SFoyer,1972,2007,Gable,656,112,SB,768,1,0,2,5,0,1988,2,396,58,0,0,2009,133000
11664,1Fam,1Story,2002,2002,Hip,1234,335,SB,1611,2,0,3,6,0,2002,3,1231,262,93,0,2009,250000
12334,1Fam,2Story,2003,2003,Gable,0,1068,SB,2184,2,1,4,8,1,2003,2,570,192,132,0,2009,254750
11838,1Fam,1Story,2001,2001,Hip,0,1753,SB,1788,2,0,3,7,1,2001,2,522,202,151,0,2009,236500
11885,1Fam,2Story,2001,2001,Gable,990,309,SB,1872,2,1,3,7,1,2001,2,531,160,122,0,2009,261500
11050,1Fam,2Story,2000,2000,Hip,904,536,SB,2153,2,1,3,8,2,2000,3,736,253,142,0,2009,313000
11250,1Fam,2Story,2001,2001,Gable,0,944,SB,1870,2,1,3,6,0,2001,2,608,256,43,0,2009,211000
15750,1Fam,1Story,1999,2000,Gable,1246,216,SB,1513,2,0,2,5,1,1999,2,521,135,34,0,2009,220000
11883,1Fam,1Story,1996,1996,Hip,690,814,SB,1504,2,0,3,6,1,1996,2,478,115,66,0,2009,203000
12782,1Fam,1Story,2002,2003,Hip,1360,462,SB,1828,2,0,3,7,1,2002,2,523,194,144,0,2009,279500
8750,1Fam,1Story,1997,1998,Gable,1111,306,SB,1417,2,0,3,7,1,1997,2,511,60,0,0,2009,210000
9375,1Fam,2Story,1997,1998,Gable,739,318,SB,2034,2,1,3,8,0,1998,2,645,576,36,0,2009,219500
8750,1Fam,2Story,1996,1996,Gable,0,880,SB,1716,2,1,2,7,1,1996,2,512,0,120,0,2009,191000
9100,1Fam,1Story,2001,2001,Gable,0,1212,SB,1212,2,0,3,6,0,2001,2,573,356,0,0,2009,178000
9750,1Fam,1Story,2000,2001,Gable,0,1630,SB,1630,2,0,3,6,1,2000,2,451,74,234,0,2009,213000
4435,TwnhsE,1Story,2003,2004,Gable,685,163,SB,848,1,0,1,4,0,2003,2,420,140,0,0,2009,144000
4435,TwnhsE,1Story,2003,2003,Gable,685,163,SB,848,1,0,1,4,0,2003,2,420,140,0,0,2009,140000
10200,1Fam,1Story,2007,2007,Gable,1478,100,SB,1602,2,0,3,7,1,2007,3,810,0,48,0,2009,293200
9313,1Fam,2Story,2004,2004,Gable,0,864,SB,1728,2,1,3,7,0,2004,2,572,187,56,0,2009,190000
8487,1Fam,1Story,2004,2004,Gable,20,1480,SB,1500,2,0,3,6,0,2004,2,570,192,36,0,2009,190000
8633,1Fam,2Story,2005,2005,Gable,193,545,SB,1476,2,1,3,7,0,2005,2,540,100,35,0,2009,173500
11069,1Fam,2Story,2007,2007,Gable,0,608,SB,1396,2,1,3,6,1,2007,2,440,100,36,0,2009,170000
8777,1Fam,1Story,1949,2003,Gable,0,0,SB,1126,2,0,2,5,0,2002,2,520,0,96,0,2009,108000
9937,1Fam,1Story,1964,1999,Hip,637,849,SB,1486,1,0,3,7,0,1968,2,480,0,0,0,2009,167000
8877,1Fam,1Story,1938,1958,Gable,690,126,SB,816,1,0,2,3,1,1958,1,288,0,0,0,2009,1.00E+05
7301,1Fam,SFoyer,2003,2003,Gable,0,0,SB,1922,3,0,4,7,1,2003,2,672,0,0,0,2009,198500
7950,1Fam,2Story,1977,1977,Hip,535,155,SB,1426,1,1,3,6,0,1977,2,440,252,0,0,2009,159500
10682,1Fam,1Story,1960,1971,Gable,399,615,SB,1149,1,0,3,7,0,1968,1,544,0,240,0,2009,127000
7200,1Fam,SLvl,1976,1976,Hip,631,410,SB,1125,1,0,3,6,1,1977,1,352,296,0,0,2009,125000
13286,1Fam,1Story,2007,2008,Hip,1234,464,SB,1698,2,0,3,8,1,2007,3,768,327,64,0,2009,320000
3675,TwnhsE,SFoyer,2005,2006,Gable,547,0,SB,1072,1,0,2,5,0,2005,2,525,0,28,0,2009,145500
9405,1Fam,1Story,1947,2008,Hip,0,698,SB,698,1,0,2,4,0,0,0,0,0,200,0,2009,118000
6410,1Fam,1Story,1959,1959,Gable,332,301,FA,876,1,0,3,5,0,1959,1,320,0,0,0,2009,85000
11767,1Fam,1Story,1950,1950,Gable,1078,0,FA,1368,1,0,3,6,0,1950,1,195,0,41,0,2009,120000
8405,1Fam,1.5Fin,1945,1950,Gable,0,0,FF,1529,2,0,4,9,0,1945,1,240,92,0,0,2009,98000
4060,1Fam,1Story,1922,1950,Gable,0,864,SB,864,1,0,2,4,0,0,0,0,0,96,0,2009,99900
10206,1Fam,1Story,1952,1952,Flat,0,0,FF,944,1,0,2,4,0,1956,2,528,0,0,0,2009,82000
10926,Duplex,1Story,1959,1959,Hip,0,1678,SB,1678,2,0,6,10,0,0,0,0,0,0,0,2009,119900
11767,1Fam,1Story,1956,1956,Hip,546,604,SB,1560,1,0,2,7,1,1956,1,313,0,0,0,2009,103500
8926,1Fam,1Story,1956,1956,Gable,0,672,FA,960,1,0,3,5,0,1956,1,288,64,0,0,2009,112000
12354,1Fam,1.5Fin,1920,2000,Gable,0,684,SB,1196,1,0,3,7,0,2005,2,528,0,46,0,2009,110000
8212,1Fam,1.5Fin,1941,1950,Gable,626,94,SB,1298,1,0,3,6,2,1940,1,256,84,0,0,2009,122000
10998,1Fam,1.5Fin,1941,1960,Gable,408,156,SB,1604,2,0,3,6,0,1977,2,660,0,68,0,2009,117000
6300,1Fam,1.5Fin,1938,1950,Gable,832,0,SB,1268,1,1,3,7,2,1938,1,250,0,0,0,2009,160000
4500,1Fam,1.5Fin,1932,2000,Gable,182,611,SB,1520,1,0,3,6,0,1968,1,281,0,0,0,2009,159434
9900,1Fam,1.5Fin,1940,1950,Gable,0,778,SB,1489,2,0,3,7,1,1940,1,240,335,0,0,2009,139500
15863,1Fam,2.5Fin,1920,1970,Gable,523,301,SB,3082,2,1,5,12,2,1970,2,672,136,63,0,2009,197000
5707,1Fam,2Story,1935,1950,Gable,0,583,FF,1242,1,1,3,6,1,1926,1,180,329,96,0,2009,105000
7804,1Fam,1.5Fin,1928,1950,Gable,622,500,SB,1981,2,0,4,7,2,1981,2,576,431,44,0,2009,135000
8574,1Fam,1Story,1916,2000,Gable,0,816,SB,1232,1,0,3,6,1,1916,2,440,0,0,0,2009,147500
6171,1Fam,1.5Fin,1925,1990,Gable,264,712,SB,1608,2,1,3,7,1,1925,1,216,147,16,0,2009,137450
7200,1Fam,2Story,1936,2007,Gable,350,0,SB,1135,1,0,3,6,0,1971,2,576,256,0,0,2009,155000
7558,1Fam,1.5Fin,1928,1950,Gable,0,896,SB,1913,1,1,3,9,1,1929,2,342,0,0,0,2009,177000
6292,1Fam,1.5Fin,1928,1950,Gable,0,861,SB,1477,2,0,3,6,1,1928,1,216,0,50,0,2009,145000
7155,1Fam,2Story,1918,1990,Gambrel,0,600,SB,1228,1,0,3,6,1,1918,1,215,0,113,0,2009,137000
10918,1Fam,2Story,1926,2004,Gambrel,0,1276,SB,2080,1,1,3,9,2,1926,1,282,0,0,0,2009,234000
13680,1Fam,1.5Fin,1940,1950,Gable,728,112,SB,1567,1,1,2,6,2,1961,2,440,0,21,0,2009,205000
7500,1Fam,2Story,1942,1950,Gable,547,224,SB,1494,1,0,3,7,2,1942,1,213,0,0,0,2009,177500
9600,1Fam,1.5Fin,1940,1950,Gable,428,300,SB,1308,1,1,2,7,2,1940,1,256,0,70,0,2009,160000
14680,1Fam,1Story,1960,1960,Gable,793,480,SB,1273,1,0,2,5,0,1960,1,307,483,0,0,2009,155000
13360,1Fam,1Story,1921,2006,Gable,713,163,SB,964,1,0,2,5,0,1921,2,432,0,0,0,2009,163500
7681,1Fam,1.5Fin,1921,1950,Gable,0,731,SB,1343,1,1,3,7,1,1921,1,186,192,0,0,2009,154900
8145,Duplex,2.5Unf,1940,1950,Gable,246,674,SB,2480,2,1,5,13,2,1940,2,400,0,0,0,2009,205000
9100,1Fam,1Story,1954,1954,Gable,154,264,SB,1112,1,0,2,6,1,1954,1,390,0,0,0,2009,144800
12000,1Fam,2Story,1941,1950,Gable,275,429,SB,1564,1,1,3,7,1,1941,1,234,0,0,0,2009,174500
13339,1Fam,1Story,1960,1960,Gable,65,621,SB,1561,2,0,3,6,1,1960,2,463,0,148,0,2009,193000
15600,1Fam,1.5Fin,1949,2005,Gable,312,248,SB,1523,2,0,3,7,1,1949,1,295,0,0,0,2009,158000
14000,1Fam,1Story,1950,2004,Gable,0,1092,SB,1152,1,0,3,6,1,1950,1,300,0,36,0,2009,158500
17500,1Fam,1Story,1954,1954,Gable,784,91,SB,1906,1,1,3,6,2,1954,2,576,0,201,0,2009,224000
1733,Twnhs,2Story,1980,1980,Gable,0,516,SB,1032,1,0,2,5,1,1980,2,452,279,0,0,2009,115000
1488,TwnhsE,2Story,1980,1992,Gable,471,90,SB,1229,1,1,2,5,1,1980,2,462,176,0,0,2009,137000
1612,Twnhs,2Story,1980,1980,Gable,0,561,SB,1229,1,1,2,5,1,1980,2,462,154,0,0,2009,121000
1300,TwnhsE,2Story,1980,1980,Gable,285,276,SB,1229,1,1,2,5,1,1980,2,462,150,0,0,2009,124000
13607,1Fam,SLvl,1986,1986,Gable,454,118,SB,1982,2,1,3,6,1,1986,2,501,400,112,0,2009,208000
17597,1Fam,1Story,1971,2009,Hip,803,581,SB,2365,2,0,3,7,2,1971,2,551,200,144,0,2009,315000
21695,1Fam,1Story,1988,2007,Hip,808,72,SB,1680,2,0,3,5,1,1988,2,540,292,44,0,2009,222000
10690,1Fam,2Story,1920,1997,Hip,456,216,FA,1344,1,0,3,6,0,1964,1,468,0,128,0,2009,147000
8660,1Fam,2Story,1900,1993,Gambrel,0,760,SB,2168,2,0,5,11,0,1998,2,576,467,160,0,2009,123000
6402,1Fam,2Story,1920,1950,Gable,0,596,SB,1192,1,0,3,6,0,1920,1,189,0,0,0,2009,78000
8470,1Fam,1.5Fin,1915,1982,Hip,0,1013,SB,1526,1,0,2,6,0,0,0,0,0,0,0,2009,85000
10200,1Fam,1Story,1925,1950,Gable,0,572,FP,572,1,0,2,4,0,1940,1,200,0,0,0,2009,75000
3843,TwnhsE,1Story,2007,2008,Hip,1476,120,SB,1648,2,0,2,5,1,2007,2,482,162,53,0,2009,230000
10125,1Fam,2Story,2000,2001,Gable,445,412,SB,2052,2,1,3,7,1,2000,3,642,210,91,0,2009,251000
12822,1Fam,1.5Fin,2003,2003,Gable,1351,83,SB,2149,1,1,1,6,1,2003,2,670,168,43,0,2009,239686
12118,1Fam,1Story,2004,2005,Hip,0,1710,SB,1710,2,0,3,7,1,2004,2,550,100,48,0,2009,240000
12209,1Fam,2Story,2001,2002,Gable,690,114,SB,1961,2,1,3,7,1,2001,2,560,125,192,0,2009,215000
9750,1Fam,SFoyer,1977,1977,Gable,767,135,SB,926,1,0,2,5,1,1977,1,351,319,0,0,2009,156450
9360,1Fam,SFoyer,1977,1977,Gable,841,0,SB,1287,1,1,2,5,2,1977,2,541,302,39,0,2009,173000
10125,Duplex,1.5Fin,1977,1977,Gable,0,0,SB,1734,2,0,4,8,0,1977,2,539,0,0,0,2009,126000
9947,1Fam,SLvl,1990,1991,Gable,611,577,SB,1217,2,0,3,6,0,1990,2,497,168,27,0,2009,173000
11070,1Fam,1Story,1991,1991,Gable,55,1527,SB,1595,2,0,2,5,0,1991,2,672,0,0,0,2009,152000
215245,1Fam,1Story,1965,1965,Hip,1236,80,SB,2036,2,0,3,8,2,1965,2,513,0,0,0,2009,375000
12898,1Fam,1Story,2007,2008,Hip,1022,598,SB,1620,2,0,2,6,1,2008,3,912,228,0,0,2009,315500
13159,1Fam,2Story,2009,2009,Gable,0,846,SB,1692,2,1,3,6,0,2009,2,650,208,114,0,2009,224500
13438,1Fam,1Story,2008,2008,Gable,1758,432,SB,2036,2,0,3,9,1,2008,3,780,90,154,0,2009,410000
14463,1Fam,1Story,2008,2008,Gable,1115,526,SB,1641,2,0,3,7,0,2008,3,885,0,95,0,2009,316500
8925,1Fam,1Story,2007,2007,Gable,16,1450,SB,1466,2,0,3,7,0,2007,3,610,100,18,0,2009,201000
11457,1Fam,1Story,1988,1988,Gable,1005,387,SB,1412,2,0,3,6,1,1988,2,576,0,0,0,2009,175000
9839,1Fam,2Story,1980,2006,Gable,462,250,SB,2237,2,1,3,7,1,1980,2,440,305,24,0,2009,204000
14419,1Fam,SLvl,1987,1989,Hip,904,117,SB,1479,2,1,3,7,1,1987,2,578,224,238,0,2009,213500
6853,1Fam,1Story,2001,2002,Gable,1005,262,SB,1296,2,0,2,6,0,2001,2,471,192,25,0,2009,220000
9157,1Fam,2Story,2003,2003,Gable,0,912,SB,2014,2,1,3,9,0,2003,2,486,124,114,0,2009,170000
14601,1Fam,1Story,2006,2006,Hip,1260,578,SB,1838,2,0,2,8,1,2006,3,765,270,68,0,2009,315000
12633,1Fam,1Story,2007,2007,Hip,1640,338,SB,1978,2,0,2,7,1,2007,3,920,308,52,0,2009,425000
12518,1Fam,1Story,1968,1968,Gable,532,476,SB,1008,1,0,3,6,0,1968,1,384,144,0,0,2009,139500
21750,1Fam,1Story,1960,2006,Hip,0,0,SB,1771,1,0,3,9,1,1960,2,336,0,0,0,2009,115000
4500,TwnhsE,1Story,1998,1998,Hip,866,338,SB,1204,2,0,2,5,0,1998,2,412,0,247,0,2009,162000
4500,TwnhsE,1Story,1999,1999,Hip,883,341,SB,1224,2,0,2,5,0,1999,2,402,0,304,0,2009,165000
1596,Twnhs,SLvl,1973,1973,Gable,462,0,SB,988,1,0,2,5,0,1973,1,297,120,101,0,2009,91000
9858,1Fam,1Story,1968,1968,Gable,510,354,SB,874,1,0,3,5,0,1968,1,288,33,0,0,2009,130000
1526,Twnhs,SFoyer,1970,2002,Gable,515,115,SB,630,1,0,1,3,0,1970,1,286,0,0,0,2009,86000
13383,1Fam,1Story,1969,2000,Hip,594,594,SB,1404,2,0,3,7,1,1969,2,504,0,16,0,2009,160000
1477,TwnhsE,SFoyer,1970,1970,Gable,509,121,SB,630,1,0,1,3,0,1970,1,286,0,0,0,2009,80000
1533,Twnhs,2Story,1970,2008,Gable,0,546,SB,1344,1,1,3,6,1,0,0,0,0,0,0,2009,97000
2217,TwnhsE,2Story,1970,1970,Gable,273,0,SB,1092,1,1,3,6,0,1970,1,286,238,0,0,2009,88000
7689,1Fam,SFoyer,1972,1972,Gable,720,0,SB,796,1,0,2,4,0,1998,1,336,138,0,0,2009,131900
7706,1Fam,SLvl,1993,1996,Gable,114,0,SB,1091,1,0,2,5,0,1993,1,429,280,0,0,2009,131250
9101,1Fam,SFoyer,1978,1978,Gable,1097,0,SB,1110,1,0,1,4,1,1978,2,602,303,30,0,2009,165500
8780,1Fam,1Story,1985,1985,Gable,625,208,SB,833,1,0,3,5,0,0,0,0,0,0,0,2009,112000
7669,1Fam,SFoyer,1992,1993,Gable,718,0,SB,883,1,0,2,5,1,1998,2,698,100,32,0,2009,149000
14115,1Fam,1.5Fin,1993,1995,Gable,732,64,SB,1362,1,1,1,5,0,1993,2,480,40,30,0,2009,143000
10429,1Fam,2Story,1992,1992,Gable,330,294,SB,1287,1,1,3,6,0,2001,2,440,150,0,0,2009,130000
9819,1Fam,1Story,1977,1977,Gable,1567,0,SB,1567,2,0,2,5,2,1977,2,714,264,32,0,2009,196000
10457,1Fam,2Story,1969,1969,Gable,496,0,SB,1632,1,1,4,7,1,1969,2,898,0,173,0,2009,173000
11029,1Fam,1Story,1958,2002,Hip,528,245,SB,1414,1,0,3,6,1,1990,2,601,0,51,0,2008,176500
12925,1Fam,1Story,1970,1970,Gable,865,340,SB,2117,2,1,4,7,2,1970,2,550,0,42,0,2008,237500
11075,1Fam,2Story,1969,1969,Gable,500,176,SB,2112,2,1,4,9,2,1969,2,576,280,0,0,2008,206900
8702,1Fam,2Story,1997,1998,Gable,706,220,SB,1604,2,1,3,7,1,1997,2,470,0,36,0,2008,187500
8139,1Fam,2Story,1995,1996,Gable,476,204,SB,1470,2,1,3,7,1,1995,2,420,192,49,0,2008,165000
9535,1Fam,2Story,1998,1998,Gable,851,75,SB,1604,2,1,3,7,0,1998,2,472,100,82,0,2008,195500
9042,1Fam,2Story,1998,1998,Gable,828,115,SB,1638,2,1,3,7,2,1998,2,472,100,38,0,2008,192000
15038,1Fam,2Story,1996,1996,Gable,138,778,SB,1636,2,1,3,7,1,1996,2,386,168,84,0,2008,173000
14137,1Fam,1Story,1996,1997,Gable,450,898,SB,1384,2,0,3,7,0,1996,2,404,0,39,0,2008,177900
21872,1Fam,2Story,1996,1997,Gable,604,125,SB,1446,2,1,3,6,1,1996,2,406,264,22,0,2008,175000
4923,TwnhsE,1Story,2001,2002,Gable,1153,440,SB,1593,1,1,0,5,1,2001,2,682,0,120,0,2008,286000
6264,1Fam,1Story,1997,1997,Gable,656,1008,SB,1682,1,1,1,6,1,1997,2,528,0,0,0,2008,247900
5395,TwnhsE,1Story,1993,1993,Gable,733,604,SB,1337,2,0,2,5,1,1993,2,462,96,0,0,2008,180000
5070,TwnhsE,1Story,1992,1992,Gable,0,1280,SB,1280,2,0,2,5,0,1992,2,506,0,82,0,2008,180000
10839,1Fam,2Story,1997,1998,Gable,0,926,SB,1604,2,1,3,7,1,1997,2,470,0,36,0,2008,181000
11184,1Fam,2Story,1998,1998,Gable,0,932,SB,1633,2,1,3,7,1,1998,2,460,0,39,0,2008,183000
8000,1Fam,2Story,1995,1996,Gable,219,554,SB,1658,2,1,3,8,1,1995,2,431,224,84,0,2008,188000
10832,1Fam,2Story,1994,1996,Gable,0,712,SB,1895,2,1,3,7,1,1994,2,409,143,46,0,2008,194500
14067,1Fam,2Story,1991,1991,Gable,504,332,SB,1709,2,1,3,7,0,1991,2,416,0,40,0,2008,185000
4671,TwnhsE,1Story,1988,1989,Gable,767,461,SB,1228,2,0,2,5,1,1988,2,472,168,120,0,2008,189000
5950,TwnhsE,1Story,1989,1989,Gable,319,1018,SB,1337,2,0,2,5,1,1989,2,462,0,73,0,2008,188500
13543,1Fam,2Story,2005,2005,Gable,16,1152,SB,2500,3,1,5,9,1,2005,3,683,192,32,0,2008,355000
11198,1Fam,2Story,2005,2007,Hip,0,1122,SB,2504,2,1,4,11,1,2005,3,656,144,39,0,2008,325000
15401,1Fam,1Story,2004,2004,Hip,1337,547,SB,1884,2,0,2,7,1,2004,3,670,214,76,0,2008,387000
8118,TwnhsE,1Story,2007,2007,Hip,1034,676,SB,1710,2,0,2,6,1,2007,2,557,156,48,0,2008,334000
47280,1Fam,1Story,1950,1950,Hip,0,1488,SB,1488,2,1,3,6,1,1950,2,738,0,0,0,2008,133000
20544,1Fam,2Story,1986,1991,Gable,0,791,SB,2093,2,1,3,7,1,1986,2,542,364,63,0,2008,215000
12680,1Fam,1Story,1988,1988,Gable,983,692,SB,1688,2,0,2,6,1,1988,2,528,0,48,0,2008,226500
12090,1Fam,1Story,1981,1981,Gable,588,606,SB,1422,2,0,3,7,1,1981,2,576,276,0,0,2008,175500
10825,1Fam,1Story,1983,1983,Gable,747,513,SB,1260,2,0,3,6,0,1983,2,598,152,0,0,2008,181900
18559,1Fam,1Story,1978,1978,Hip,1206,656,SB,2064,2,0,3,7,2,1978,2,550,200,0,0,2008,235000
14450,1Fam,1Story,1979,1979,Hip,864,469,SB,1782,2,0,3,6,1,1979,2,551,467,0,0,2008,220000
12227,1Fam,2Story,1977,1995,Gable,896,434,SB,2872,2,1,4,11,1,1977,2,619,550,282,0,2008,272000
13068,1Fam,1Story,1976,1976,Hip,890,273,SB,1211,2,0,3,6,1,1976,2,461,0,0,0,2008,161000
15611,1Fam,1Story,1977,1977,Gable,767,266,SB,1126,2,0,3,6,0,1977,2,540,180,0,0,2008,175000
10400,1Fam,2Story,1980,1988,Gable,0,738,SB,2044,2,1,3,7,1,1980,2,489,28,73,0,2008,185000
9743,1Fam,2Story,1969,1969,Gable,280,440,SB,1308,1,1,3,7,0,1969,2,484,0,0,0,2008,146900
12511,1Fam,2Story,1978,1978,Mansard,988,432,SB,2840,2,1,4,8,2,1978,4,1314,0,16,0,2008,292500
11361,1Fam,1Story,1976,1976,Gable,644,549,SB,1523,2,0,3,7,1,1976,2,478,0,0,0,2008,180000
10400,1Fam,1Story,1976,1976,Gable,0,1444,SB,1444,2,0,2,5,1,1976,2,473,0,24,0,2008,159900
10480,1Fam,2Story,1976,1976,Hip,403,400,SB,1964,2,1,4,8,1,1976,2,483,0,69,0,2008,205000
10000,1Fam,1Story,1973,2000,Gable,1084,92,SB,1178,1,1,3,5,1,1973,2,439,224,0,0,2008,157000
14311,1Fam,2Story,1996,1996,Gable,1023,213,SB,2340,2,1,4,9,1,1996,3,787,192,180,0,2008,306000
9000,Duplex,2Story,1974,1974,Gable,0,896,SB,1792,2,2,4,8,0,1982,2,480,0,45,0,2008,133000
9750,1Fam,1Story,1969,1969,Gable,602,14,SB,1054,1,1,3,6,0,1969,2,460,180,0,0,2008,151000
10295,1Fam,1Story,1969,1969,Gable,252,684,SB,936,1,0,2,4,0,1969,1,288,16,0,0,2008,111900
7560,1Fam,1Story,1971,1971,Hip,119,132,SB,864,1,0,3,5,0,1977,2,576,0,0,0,2008,123000
12735,1Fam,1Story,1972,1972,Hip,600,264,SB,864,1,0,3,5,0,1980,2,576,216,0,0,2008,111250
4060,TwnhsE,1Story,1998,1999,Gable,266,1139,SB,1337,2,0,2,5,0,1998,2,511,144,68,0,2008,181000
1680,Twnhs,2Story,1973,1973,Gable,458,25,SB,987,1,1,2,5,0,1973,1,264,52,0,0,2008,103400
1680,Twnhs,2Story,1973,1973,Gable,330,153,SB,987,1,1,2,5,0,1973,1,264,0,0,0,2008,1.00E+05
1890,Twnhs,2Story,1972,1972,Gable,483,0,SB,987,1,1,2,5,0,1975,1,352,411,0,0,2008,100500
1869,Twnhs,2Story,1970,1970,Gable,321,162,SB,987,1,1,2,5,0,1987,1,280,0,0,0,2008,106000
1680,Twnhs,2Story,1971,1971,Gable,387,96,SB,987,1,1,2,4,0,1971,1,264,0,0,0,2008,85400
1680,TwnhsE,2Story,1971,1971,Gable,358,125,SB,987,1,1,2,5,0,1971,1,264,0,0,0,2008,89500
1680,Twnhs,2Story,1972,1972,Gable,350,280,SB,1302,2,1,3,6,0,1972,1,264,0,0,0,2008,111750
4043,TwnhsE,1Story,1977,1977,Gable,559,510,SB,1069,2,0,2,4,0,1977,2,440,0,55,0,2008,140000
2308,TwnhsE,2Story,1975,1975,Gable,286,275,SB,1456,2,1,4,7,0,1975,2,460,0,0,0,2008,143000
2529,Twnhs,1Story,1977,1977,Gable,378,677,SB,1055,2,0,2,4,0,1977,2,440,0,38,0,2008,148500
9477,1Fam,1Story,1966,1966,Gable,340,524,SB,892,1,0,3,5,0,1966,1,264,0,0,0,2008,110000
12444,1Fam,1Story,2008,2008,Hip,1336,596,SB,1932,2,0,2,7,1,2008,3,774,0,66,0,2008,394617
12474,1Fam,2Story,2007,2008,Gable,1280,402,SB,2332,2,1,3,9,1,2008,3,846,196,134,0,2008,426000
14803,1Fam,1Story,2007,2008,Hip,1636,442,SB,2084,2,0,2,7,1,2007,3,1220,188,45,0,2008,385000
14948,1Fam,2Story,2008,2008,Hip,1330,122,SB,2713,2,1,3,11,1,2008,3,858,126,66,0,2008,446261
12704,1Fam,1Story,2007,2007,Hip,1012,570,SB,1582,2,0,3,7,0,2007,3,905,209,95,0,2008,317500
13891,1Fam,1Story,2007,2008,Hip,1400,310,SB,1710,2,0,2,6,1,2007,3,866,0,102,0,2008,372402
13693,1Fam,1Story,2007,2007,Hip,1728,195,SB,2464,2,1,4,9,1,2007,3,650,358,78,0,2008,417500
14418,1Fam,1Story,2007,2007,Hip,1375,575,SB,1950,2,0,2,7,1,2007,3,706,156,207,0,2008,383000
13418,1Fam,2Story,2006,2006,Hip,1420,430,SB,2748,2,1,4,9,1,2006,3,850,212,182,0,2008,390000
12151,1Fam,2Story,2005,2005,Gable,1249,165,SB,2331,2,1,3,9,1,2005,3,1003,192,63,0,2008,379000
8899,1Fam,2Story,2007,2007,Hip,40,908,SB,2088,2,1,4,10,1,2007,3,656,100,24,0,2008,250000
10574,1Fam,2Story,2004,2004,Gable,856,292,SB,2332,2,1,4,9,1,2004,3,756,224,142,0,2008,316000
13688,1Fam,2Story,2003,2004,Gable,1016,556,SB,2668,2,1,3,10,2,2003,3,726,400,0,0,2008,412500
10625,1Fam,2Story,2003,2004,Gable,866,132,SB,2046,2,1,3,8,1,2003,3,871,320,62,0,2008,284000
10845,1Fam,1Story,2003,2004,Gable,1149,454,SB,1575,2,0,2,7,1,2003,3,732,216,28,0,2008,284000
16900,1Fam,2Story,2001,2002,Gable,1075,404,SB,2649,2,1,4,10,1,2001,3,746,0,60,0,2008,421250
16451,1Fam,2Story,2003,2003,Gable,0,1765,SB,2690,2,1,4,9,1,2003,3,795,268,58,0,2008,370000
10110,TwnhsE,1Story,2008,2008,Hip,372,1486,SB,1866,2,0,2,7,1,2008,3,870,0,48,0,2008,336860
8769,TwnhsE,1Story,2008,2008,Hip,1540,162,SB,1702,1,1,1,7,1,2008,3,1052,0,72,0,2008,367294
12304,TwnhsE,1Story,2005,2005,Gable,20,1347,SB,1367,2,0,2,6,1,2005,2,484,0,33,0,2008,192000
12677,TwnhsE,1Story,2003,2004,Hip,1218,300,SB,1518,1,1,1,6,1,2003,2,588,185,140,0,2008,274000
8849,TwnhsE,1Story,2005,2005,Hip,28,1656,SB,1684,2,0,2,6,1,2005,2,564,495,72,0,2008,266000
8232,TwnhsE,1Story,2007,2008,Hip,1204,596,SB,1800,2,0,2,6,1,2008,3,944,210,0,0,2008,370967
6240,TwnhsE,1Story,2006,2007,Hip,846,496,SB,1342,2,0,2,6,1,2007,2,550,0,35,0,2008,234250
6240,TwnhsE,1Story,2006,2007,Hip,24,1318,SB,1342,2,0,2,6,1,2007,2,550,0,35,0,2008,219500
2448,Twnhs,2Story,2003,2004,Gable,0,764,SB,1626,2,1,2,6,0,2003,2,474,0,27,0,2008,155000
2448,Twnhs,2Story,2003,2004,Gable,573,191,SB,1626,2,1,2,6,0,2003,2,474,0,27,0,2008,154000
8198,TwnhsE,1Story,2004,2004,Gable,720,638,SB,1358,2,0,2,6,1,2004,2,484,192,30,0,2008,207000
3940,TwnhsE,1Story,2003,2003,Gable,1073,342,SB,1455,2,0,2,6,1,2003,3,644,156,20,0,2008,195000
3940,TwnhsE,1Story,2004,2004,Hip,1087,306,SB,1576,2,0,2,7,1,2004,3,668,143,20,0,2008,219990
3182,TwnhsE,1Story,2005,2006,Gable,16,1330,SB,1504,2,0,2,7,1,2005,2,437,156,20,0,2008,191000
3182,1Fam,1Story,2007,2007,Gable,0,1266,SB,1266,2,0,2,6,1,2007,2,388,100,16,0,2008,159895
3710,1Fam,1Story,2007,2008,Gable,0,1146,SB,1246,2,0,2,5,1,2007,2,428,100,24,0,2008,187687
9024,1Fam,2Story,2004,2004,Gable,0,789,SB,1515,2,1,3,8,1,2004,2,393,0,75,0,2008,179000
7415,1Fam,2Story,2004,2004,Gable,759,80,SB,1593,2,1,3,8,1,2004,2,398,100,75,0,2008,193000
9587,1Fam,SLvl,2005,2005,Gable,655,201,SB,1166,2,0,2,5,0,2005,2,400,212,0,0,2008,190000
8029,1Fam,2Story,2005,2005,Gable,0,728,SB,1456,2,1,3,8,0,2005,2,400,100,24,0,2008,176000
8010,1Fam,2Story,2002,2003,Gable,0,840,SB,1720,2,1,3,7,1,2002,2,400,138,48,0,2008,188000
8396,1Fam,2Story,2003,2003,Gable,0,847,SB,1986,2,1,4,9,1,2003,2,434,120,48,0,2008,213000
7301,TwnhsE,1Story,2007,2008,Gable,876,474,SB,1358,2,0,2,6,1,2008,2,484,192,26,0,2008,217300
10261,1Fam,2Story,2000,2000,Gable,0,936,SB,1792,2,1,3,8,1,2000,2,451,0,0,0,2008,186500
8220,1Fam,2Story,2000,2001,Gable,544,438,SB,1892,2,1,3,8,1,2000,2,431,108,0,0,2008,226750
15384,1Fam,2Story,2004,2005,Gable,724,64,SB,1490,2,1,3,8,1,2004,2,388,100,75,0,2008,184000
12460,1Fam,2Story,1999,2000,Gable,870,167,SB,2322,2,1,4,8,1,1999,2,400,144,44,0,2008,225000
8390,1Fam,2Story,1999,1999,Gable,0,831,SB,1651,2,1,3,7,1,1999,2,450,0,103,0,2008,185900
9660,1Fam,2.5Unf,1997,1997,Hip,0,1173,SB,2199,2,1,3,9,1,1997,2,516,0,131,0,2008,284500
9200,1Fam,2Story,1998,1998,Gable,986,484,SB,2630,2,1,4,8,1,1998,3,696,0,66,0,2008,315000
14260,1Fam,2Story,2000,2000,Gable,655,490,SB,2198,2,1,4,9,1,2000,3,836,192,84,0,2008,250000
11000,1Fam,2Story,2000,2000,Hip,0,1519,SB,2172,2,1,4,8,1,2000,3,687,162,153,0,2008,291000
11675,1Fam,1Story,1998,1998,Gable,1660,322,SB,2006,2,0,2,5,1,1998,3,938,144,33,0,2008,350000
10990,1Fam,2Story,1996,1997,Gable,851,213,SB,2125,2,1,4,12,2,1996,2,576,168,0,0,2008,279500
11929,1Fam,2Story,1995,1995,Gable,0,1242,SB,2501,2,1,4,9,1,1995,3,751,192,87,0,2008,290000
10437,1Fam,1Story,1995,1995,Hip,1696,413,SB,2113,2,1,2,7,1,1995,3,839,236,46,0,2008,350000
10542,1Fam,2Story,1993,1994,Hip,1173,138,SB,2418,2,1,3,9,1,1993,3,983,250,154,0,2008,341000
10010,1Fam,2Story,1993,1994,Hip,228,0,SB,2197,2,1,4,9,1,1993,3,783,385,99,0,2008,287500
10944,1Fam,2Story,1994,1994,Gable,1000,223,SB,2127,2,1,3,5,2,1994,2,525,171,132,0,2008,271000
14303,1Fam,1Story,1994,1994,Hip,1314,672,SB,1987,2,0,2,7,1,1994,2,691,262,36,0,2008,301500
11932,1Fam,1Story,2007,2008,Gable,0,1580,SB,1580,2,0,3,7,0,2008,3,830,0,24,0,2008,235128
14598,1Fam,2Story,2007,2007,Gable,0,894,SB,1933,2,1,4,9,1,2007,3,668,100,18,0,2008,214000
11957,1Fam,1Story,2006,2006,Gable,24,1550,SB,1574,2,0,3,7,1,2006,3,824,144,104,0,2008,232000
13253,1Fam,1Story,2006,2006,Gable,1096,482,SB,1578,2,0,3,7,1,2006,3,642,0,26,0,2008,240000
14587,1Fam,1Story,2008,2008,Gable,0,1498,SB,1506,2,0,2,6,1,2008,2,592,0,174,0,2008,264132
10206,1Fam,1Story,2007,2007,Gable,33,1530,SB,1563,2,0,3,6,1,2007,3,758,144,99,0,2008,245000
12274,1Fam,1Story,2008,2008,Gable,0,1417,SB,1428,2,0,3,6,0,2008,2,554,0,60,0,2008,227680
9801,1Fam,2Story,2007,2007,Gable,0,1341,SB,1861,3,0,3,7,1,2007,3,851,144,60,0,2008,257000
9428,1Fam,2Story,2007,2008,Hip,729,226,SB,1874,2,1,3,8,1,2007,3,880,168,108,0,2008,297900
8640,1Fam,1Story,2007,2008,Gable,24,1339,SB,1372,2,0,3,6,0,2008,2,588,192,113,0,2008,212700
8640,1Fam,1Story,2007,2008,Gable,0,1372,SB,1372,2,0,3,6,0,2008,2,529,0,140,0,2008,250580
9803,1Fam,2Story,2005,2005,Gable,400,466,SB,1768,2,1,3,7,0,2005,2,603,0,108,0,2008,226700
9375,1Fam,2Story,2003,2004,Hip,0,1053,SB,1992,2,1,3,9,1,2003,2,648,140,45,0,2008,250000
10625,1Fam,2Story,2005,2005,Gable,0,1026,SB,1958,2,1,3,9,1,2005,3,936,154,210,0,2008,250000
10800,1Fam,2Story,2007,2008,Gable,789,245,SB,2078,2,1,3,8,1,2008,3,836,0,102,0,2008,339750
10625,1Fam,1Story,2007,2007,Gable,0,1660,SB,1660,2,0,3,7,1,2007,3,660,133,120,0,2008,256000
7500,1Fam,1Story,2007,2008,Gable,902,316,SB,1218,2,0,2,6,0,2008,2,462,168,168,0,2008,230348
8791,1Fam,2Story,2003,2003,Gable,503,361,SB,1728,2,1,3,7,0,2003,2,673,216,56,0,2008,207500
7500,1Fam,1Story,2004,2005,Gable,680,400,SB,1080,1,0,3,6,0,0,0,0,0,0,0,2008,141000
10110,1Fam,2Story,2003,2003,Gable,80,200,SB,1696,2,1,3,7,0,2003,2,542,143,66,0,2008,188000
12774,1Fam,2Story,2003,2004,Gable,0,835,SB,1663,2,1,3,8,0,2003,2,478,168,68,0,2008,192500
13072,1Fam,1Story,2005,2006,Gable,80,1095,SB,1175,1,0,3,6,0,0,0,0,0,90,0,2008,146000
13695,1Fam,1Story,2004,2004,Gable,646,468,SB,1114,1,1,3,6,0,2004,2,576,0,102,0,2008,159000
13695,1Fam,1Story,2003,2004,Gable,814,300,SB,1114,1,0,3,6,0,2004,2,576,0,78,0,2008,155000
8366,1Fam,2Story,2004,2004,Gable,0,798,SB,1640,2,1,3,6,0,2004,2,520,138,45,0,2008,173000
9260,1Fam,1Story,2007,2007,Gable,0,1162,SB,1162,2,0,3,6,0,2007,2,483,0,32,0,2008,170000
8453,1Fam,2Story,1995,1995,Gable,362,392,SB,1609,2,1,3,6,0,1995,2,525,0,70,0,2008,182000
8480,1Fam,2Story,1993,1994,Gable,602,284,SB,1680,2,1,3,7,0,1993,2,474,144,96,0,2008,163000
8125,1Fam,1Story,1994,1998,Gable,1138,270,SB,1679,2,0,3,7,1,1994,2,575,224,42,0,2008,193500
14565,1Fam,2Story,1994,1995,Gable,537,295,SB,1657,2,1,3,6,0,1994,2,483,144,74,0,2008,189000
8450,1Fam,2Story,2001,2001,Gable,472,355,SB,1677,2,1,3,7,0,2001,2,627,0,68,0,2008,190500
8285,1Fam,2Story,1992,1992,Gable,397,439,SB,1737,2,1,3,7,0,1992,2,506,192,85,0,2008,175000
7153,1Fam,1Story,1991,1991,Gable,1200,78,SB,1294,2,0,3,6,0,1991,2,496,112,51,0,2008,179200
9291,1Fam,2Story,1993,1993,Gable,426,406,SB,1710,2,1,3,7,0,1993,2,506,144,70,0,2008,187000
8012,TwnhsE,1Story,1993,1994,Gable,165,598,SB,1617,2,0,2,5,1,1993,2,533,0,69,0,2008,193000
7892,TwnhsE,1Story,1993,1993,Gable,300,899,SB,1199,2,0,2,5,0,1993,2,530,0,63,0,2008,153900
9100,1Fam,1Story,1963,1963,Hip,53,132,SB,984,1,0,3,5,1,1963,1,384,145,56,0,2008,128000
12968,1Fam,1Story,1962,1962,Hip,737,175,SB,912,1,0,2,4,0,1962,1,352,140,0,0,2008,144000
8100,1Fam,1Story,1961,2007,Gable,764,100,SB,864,1,0,3,5,1,1962,1,420,132,0,0,2008,135000
8450,2fmCon,1Story,1968,1968,Gable,890,0,SB,890,1,0,3,5,0,1970,1,308,0,0,0,2008,115000
6360,1Fam,1Story,1963,1963,Hip,489,375,SB,864,1,0,3,5,0,1963,1,276,0,0,0,2008,119916
6768,1Fam,1Story,1961,1996,Hip,832,80,SB,912,1,0,3,5,0,1962,1,288,168,0,0,2008,142000
19508,1Fam,1Story,1974,1974,Gable,800,630,SB,1430,2,0,3,6,2,1974,2,484,117,108,0,2008,192000
10759,1Fam,1.5Fin,1972,1972,Gable,190,0,SB,1641,2,0,4,5,1,1972,2,490,0,0,0,2008,140000
9205,1Fam,2Story,1990,1991,Hip,704,226,SB,2683,2,1,4,9,2,1990,2,473,237,251,0,2008,290000
11025,1Fam,1.5Fin,1993,1994,Hip,520,1328,SB,2786,2,1,4,10,1,1993,2,636,294,49,0,2008,372500
4282,TwnhsE,1Story,2004,2004,Gable,16,1375,SB,1391,2,0,2,5,0,2004,2,530,156,158,0,2008,196000
4017,TwnhsE,2Story,2006,2007,Gable,0,625,SB,1250,2,1,2,5,0,2006,2,625,0,54,0,2008,171900
3435,TwnhsE,1Story,2004,2005,Gable,24,1211,SB,1245,2,0,1,5,0,2004,2,495,0,100,0,2008,178000
3180,TwnhsE,2Story,2005,2005,Gable,390,210,SB,1200,2,1,2,5,0,2005,2,480,0,166,0,2008,165000
3180,TwnhsE,2Story,2007,2007,Gable,0,689,SB,1392,2,0,2,5,0,2007,2,540,0,102,0,2008,146000
3604,TwnhsE,2Story,2007,2007,Gable,0,689,SB,1392,2,0,2,5,0,2007,2,540,0,102,0,2008,146000
2280,Twnhs,2Story,1999,1999,Gable,549,195,SB,1501,2,1,3,6,0,1999,2,440,0,0,0,2008,179400
2280,Twnhs,2Story,1999,1999,Gable,550,194,SB,1549,2,1,3,6,0,1999,2,440,0,32,0,2008,172900
4765,TwnhsE,1Story,2000,2000,Hip,1027,587,SB,1638,2,0,2,5,1,2000,2,495,230,68,0,2008,3.00E+05
4538,TwnhsE,1Story,2001,2001,Gable,1004,306,SB,1310,1,1,1,5,1,2001,2,545,277,45,0,2008,285000
4385,TwnhsE,1Story,2001,2001,Gable,964,455,SB,1419,1,1,2,5,1,2001,2,588,155,58,0,2008,290000
4109,TwnhsE,1Story,1999,2000,Gable,1141,416,SB,1557,2,0,2,5,1,1999,2,484,124,113,0,2008,305000
5119,TwnhsE,1Story,1999,2000,Gable,1238,460,SB,1709,2,0,2,5,1,1999,2,506,97,65,0,2008,328900
2160,Twnhs,2Story,1999,2000,Gable,510,90,SB,1252,2,1,2,4,0,1999,2,462,0,48,0,2008,160000
2160,Twnhs,SLvl,1999,2000,Gable,600,72,SB,1404,2,1,3,5,0,1999,2,462,20,0,0,2008,170000
10646,1Fam,2Story,2001,2001,Gable,681,177,SB,1789,2,1,3,7,1,2001,2,546,0,0,0,2008,223000
2645,Twnhs,2Story,1999,1999,Gable,612,348,SB,1586,2,1,3,7,0,1999,2,480,169,0,0,2008,170000
2645,Twnhs,2Story,1999,2000,Gable,813,147,SB,1607,2,1,3,7,0,2000,2,480,169,0,0,2008,2.00E+05
3951,TwnhsE,2Story,1998,1999,Gable,128,0,SB,2393,2,1,2,7,1,1998,2,846,0,90,0,2008,345000
14963,TwnhsE,1Story,1996,1996,Gable,786,474,SB,1288,1,1,1,4,2,1996,2,500,120,30,0,2008,245500
11064,TwnhsE,1Story,1995,1995,Hip,560,0,SB,1239,1,1,1,4,1,1995,2,477,172,24,0,2008,217500
10846,TwnhsE,1Story,1993,1993,Gable,1619,100,SB,1719,1,1,1,6,2,1993,2,473,122,30,0,2008,324000
11120,1Fam,1Story,1984,1984,Gable,660,572,SB,1232,2,0,3,6,0,1984,2,516,0,0,0,2008,162500
24572,1Fam,2Story,1977,1977,Mansard,410,584,SB,2944,2,2,3,9,1,1977,3,864,140,70,0,2008,150000
10400,1Fam,1Story,1970,1970,Hip,0,1304,SB,1682,2,0,3,7,1,1970,2,530,98,0,0,2008,174000
11104,1Fam,SLvl,1969,1969,Gable,828,599,SB,1427,2,0,4,7,0,1969,2,516,0,0,0,2008,183000
11050,1Fam,1Story,1968,1968,Gable,301,1439,SB,1740,1,1,4,8,1,1968,2,512,25,0,0,2008,150000
11040,1Fam,1Story,1971,2004,Gable,656,602,SB,1258,2,0,3,5,0,1971,2,528,55,0,0,2008,145000
15387,1Fam,1Story,1967,1967,Gable,603,723,SB,1620,2,0,4,8,1,1967,2,578,0,62,0,2008,215000
9750,Duplex,1Story,1965,1965,Gable,0,1625,SB,1625,2,0,4,8,0,1965,2,484,0,0,0,2008,140500
10800,1Fam,2Story,1974,1997,Gable,956,384,SB,2614,2,1,4,9,1,1974,2,624,38,243,0,2008,240000
8814,1Fam,2Story,1968,1968,Gable,732,0,SB,1464,1,1,4,7,0,1968,2,470,0,40,0,2008,141000
8872,1Fam,1Story,1965,2008,Gable,595,317,SB,912,1,0,2,5,0,1992,2,576,0,240,0,2008,147000
8125,1Fam,1Story,1965,2005,Hip,260,196,SB,925,1,0,3,5,0,1978,2,576,233,0,0,2008,135000
11072,Duplex,1Story,1965,1965,Gable,0,1728,SB,1728,2,0,6,10,0,1987,2,576,0,0,0,2008,145000
13101,Duplex,1Story,1965,1965,Gable,231,1497,SB,1728,2,0,6,10,0,1987,2,576,0,0,0,2008,142600
9246,Duplex,1Story,1973,1973,Gable,0,1656,SB,1656,2,0,4,8,0,1973,2,506,0,211,0,2008,135000
13355,1Fam,2Story,1971,1971,Gable,583,242,SB,1670,1,1,4,7,0,1971,2,464,0,0,0,2008,170000
8963,1Fam,2Story,1976,1996,Hip,575,487,SB,2715,3,1,4,11,2,1994,2,831,0,204,0,2008,299800
9120,1Fam,2Story,1974,1974,Hip,442,459,SB,1876,2,1,4,8,1,1974,2,540,0,69,0,2008,185000
9130,1Fam,2Story,1966,2000,Hip,400,336,SB,1632,1,1,4,7,0,1966,2,484,0,40,0,2008,173000
12122,1Fam,SFoyer,1961,2007,Gable,867,77,SB,999,1,0,3,6,0,1961,2,588,144,76,0,2008,178400
9900,1Fam,2Story,1968,1968,Gable,552,280,SB,1978,2,1,4,9,1,1968,2,486,0,43,0,2008,176000
7785,1Fam,1Story,1956,1956,Gable,0,0,SB,1014,1,0,2,6,0,1956,1,267,0,0,0,2008,98000
8593,1Fam,1Story,1957,1957,Hip,288,619,SB,907,1,0,3,5,0,1964,1,352,0,0,0,2008,109008
8475,1Fam,1Story,1956,1956,Gable,228,724,FA,952,1,0,2,4,0,1956,1,283,0,0,0,2008,135750
8700,1Fam,1Story,1963,1963,Hip,776,344,SB,1128,2,0,3,6,0,1963,2,525,192,20,0,2008,155000
10175,1Fam,1Story,1964,1964,Gable,490,935,SB,1425,2,0,3,7,1,1964,2,576,0,0,0,2008,180500
9020,1Fam,SLvl,1966,1966,Gable,312,276,SB,1165,1,1,3,6,0,1966,2,490,0,129,0,2008,174900
9200,1Fam,1Story,1965,1965,Gable,892,244,SB,1136,1,0,3,5,1,1965,1,384,426,0,0,2008,140000
8250,1Fam,1Story,1964,1964,Hip,787,305,SB,1092,1,0,3,6,0,1964,2,504,0,0,0,2008,145000
9350,1Fam,SLvl,1965,1999,Gable,633,586,SB,1265,2,0,3,6,1,1965,2,502,0,92,0,2008,179900
9020,1Fam,SLvl,1964,1964,Gable,624,288,SB,1350,1,1,3,6,0,1964,2,520,176,0,0,2008,168500
9900,1Fam,1Story,1961,1961,Gable,0,1114,SB,1114,1,0,3,5,0,1961,2,451,0,0,0,2008,140000
10007,1Fam,1Story,1959,2006,Gable,806,247,SB,1053,1,1,3,5,0,1959,1,312,0,0,0,2008,145500
10721,1Fam,1Story,1959,1959,Hip,0,1252,SB,1252,1,0,3,7,0,1960,2,528,0,39,0,2008,142000
12493,1Fam,1Story,1960,1960,Gable,419,375,SB,1100,1,0,3,6,1,1960,1,312,355,0,0,2008,141000
11332,1Fam,1Story,1960,2000,Gable,528,590,SB,1118,1,0,3,6,0,1960,1,264,290,0,0,2008,153000
6627,1Fam,1Story,1949,1950,Hip,0,0,SB,720,1,0,2,4,0,1955,1,287,0,0,0,2008,72500
7420,2fmCon,1.5Unf,1939,1950,Gable,851,140,SB,1077,1,0,2,5,2,1939,1,205,0,4,0,2008,118000
4882,1Fam,2Story,1937,1950,Gable,120,228,SB,906,1,0,2,5,0,1937,1,231,0,0,0,2008,87000
9600,1Fam,1Story,1960,1960,Gable,658,638,SB,1496,2,0,3,6,0,1960,2,450,0,22,0,2008,141500
9600,1Fam,1.5Fin,1950,1950,Gable,280,752,FA,1252,1,0,3,6,0,1950,1,288,0,0,0,2008,119000
9600,1Fam,1Story,1950,2006,Gable,32,232,SB,1337,1,0,3,7,1,1950,1,264,0,192,0,2008,141500
9600,1Fam,SLvl,1955,1996,Hip,831,161,SB,1661,1,0,3,8,1,1955,1,377,0,28,0,2008,165500
7584,1Fam,1Story,1953,1953,Hip,531,505,SB,1036,1,0,3,5,0,1953,1,312,120,24,0,2008,112900
13700,1Fam,2Story,1965,1988,Gable,454,410,SB,1820,1,2,4,8,2,1965,2,492,60,84,0,2008,201800
10197,1Fam,1Story,1961,1961,Gable,288,700,SB,1362,1,1,3,6,1,1961,2,504,0,20,0,2008,163000
7875,1Fam,1Story,1961,1961,Gable,572,572,SB,1144,1,0,3,6,0,1961,2,456,0,0,0,2008,139950
8400,1Fam,1Story,1962,2005,Gable,0,1319,SB,1537,1,1,3,7,1,1962,2,462,0,36,0,2008,174000
9150,1Fam,SLvl,1962,1962,Gable,371,728,SB,1431,1,0,3,6,1,1962,1,296,64,110,0,2008,165000
14670,1Fam,2Story,1966,1999,Gable,575,529,SB,1988,2,1,4,9,1,1966,2,480,0,230,0,2008,227000
7390,1Fam,1Story,1955,1955,Hip,902,196,SB,1098,1,0,3,6,0,1955,1,260,0,0,0,2008,135000
9204,1Fam,1Story,1963,1963,Gable,25,247,SB,1144,1,1,3,6,0,1962,1,336,0,88,0,2008,124000
7763,1Fam,1Story,1962,1980,Gable,504,319,SB,1283,1,0,3,6,0,1980,2,506,0,0,0,2008,140000
8856,1Fam,1Story,1957,1957,Gable,621,503,SB,1176,1,0,3,6,2,1957,1,292,0,88,0,2008,136500
9840,1Fam,1Story,1959,1998,Gable,1053,195,SB,1440,2,0,2,7,0,1959,1,480,150,0,0,2008,185000
9120,1Fam,1Story,1958,1958,Hip,662,599,SB,1261,1,0,3,6,1,1958,2,433,0,0,0,2008,163000
13200,1Fam,1Story,1958,1958,Gable,958,437,SB,1570,1,0,3,5,1,1958,2,441,490,0,0,2008,166800
9000,1Fam,1Story,1956,1956,Gable,616,580,FA,1196,1,0,2,6,1,1956,1,297,0,44,0,2008,139000
11900,1Fam,1Story,1957,1957,Gable,1040,352,FA,1392,1,1,3,6,2,1957,2,458,0,0,0,2008,166000
9464,1Fam,1Story,1958,1958,Hip,570,510,SB,1080,1,0,3,5,0,1958,1,288,0,0,0,2008,136000
10425,1Fam,1Story,1956,1958,Gable,774,330,SB,1104,1,0,3,5,0,1956,1,384,0,0,0,2008,133000
11556,1Fam,1Story,1952,1952,Gable,148,572,FA,882,1,0,2,4,0,1952,1,240,0,0,0,2008,116000
9373,1Fam,1Story,1953,1953,Gable,500,456,SB,1152,1,1,3,6,0,1971,2,636,0,0,0,2008,137500
12774,1Fam,1Story,1953,1953,Hip,624,232,SB,950,1,0,2,5,0,1953,2,400,0,32,0,2008,130000
14250,1Fam,1Story,1957,1957,Gable,0,998,SB,1790,2,0,3,6,2,1957,2,540,0,40,0,2008,180000
7350,1Fam,1Story,1951,1951,Gable,852,100,SB,952,1,0,2,4,0,1988,2,840,0,0,0,2008,139000
7677,1Fam,1Story,1953,1953,Gable,570,203,SB,773,1,0,2,4,0,1953,1,240,0,0,0,2008,110000
8838,1Fam,1Story,1957,1982,Gable,0,0,SB,1764,2,1,4,7,1,1957,1,301,0,72,0,2008,1.00E+05
8480,1Fam,1.5Fin,1947,1950,Gable,442,390,SB,1216,1,0,2,6,0,1947,1,336,158,0,0,2008,118500
12436,Duplex,1Story,1957,1957,Gable,0,1824,FA,1824,2,0,5,9,0,1958,2,484,0,0,0,2008,146000
10122,1Fam,1Story,1948,1950,Gable,0,0,SB,869,1,0,1,3,0,1948,1,390,0,0,0,2008,89900
7506,1Fam,1.5Fin,1925,1950,Gable,0,747,SB,1159,1,0,3,5,0,1932,1,288,84,0,0,2008,114000
10930,1Fam,1.5Fin,1945,1950,Gable,580,333,FA,1558,1,1,3,6,1,1962,1,288,0,0,0,2008,140000
5400,1Fam,1Story,1940,2005,Gambrel,0,672,SB,672,1,0,2,4,0,1997,1,308,88,108,0,2008,86900
10836,1Fam,1.5Fin,1922,1950,Gable,0,892,SB,1436,1,0,3,7,1,1968,4,1488,0,0,0,2008,139000
10800,2fmCon,2Story,1900,2000,Gable,0,0,FA,1294,2,0,3,7,0,0,0,0,220,114,0,2008,106250
9247,1Fam,2Story,1962,1962,Gable,319,539,SB,1716,1,1,4,8,1,1962,2,490,0,84,0,2008,171000
10180,1Fam,1Story,1968,1968,Gable,744,168,SB,1044,1,1,3,5,1,1990,2,372,200,48,0,2008,139000
11355,1Fam,1Story,1958,2001,Gable,637,675,SB,1312,1,1,3,6,1,1958,2,495,0,304,0,2008,186000
10920,1Fam,1Story,1960,1960,Hip,733,520,SB,1253,1,1,2,5,1,1960,1,352,0,213,0,2008,157000
12929,1Fam,1Story,1960,1993,Gable,697,384,SB,1081,1,0,3,5,0,1960,1,401,36,82,0,2008,148000
27650,1Fam,1Story,1960,2007,Flat,425,160,SB,2069,2,0,4,9,1,1960,2,505,0,0,0,2008,242000
8892,1Fam,1Story,1953,1996,Gable,0,105,SB,910,1,0,3,5,0,1953,2,414,196,0,0,2008,116000
7200,1Fam,1Story,1951,1951,Gable,432,444,SB,876,1,0,2,5,1,1972,2,576,0,0,0,2008,94000
7200,1Fam,1Story,1950,1950,Hip,0,0,SB,1048,1,0,3,7,0,1950,2,420,0,27,0,2008,98300
7910,1Fam,SLvl,1960,1960,Hip,666,409,SB,1507,2,0,4,7,0,1960,1,404,0,0,0,2008,127000
8000,1Fam,1Story,1959,1959,Gable,476,292,FA,1256,1,1,3,6,0,1959,1,311,0,240,0,2008,159000
8000,1Fam,1Story,1962,1962,Gable,520,188,SB,1027,1,0,3,6,0,1962,1,299,0,0,0,2008,125900
7931,1Fam,1Story,1960,1960,Gable,374,363,FA,1269,1,1,3,6,1,1964,1,308,0,0,0,2008,155000
8064,1Fam,1.5Fin,1948,1950,Gable,315,453,SB,1320,2,0,3,5,0,1994,2,576,108,0,0,2008,138000
6390,1Fam,1.5Unf,1954,1954,Gable,0,936,FA,984,1,0,2,4,0,1954,1,280,0,0,0,2008,112500
7227,1Fam,1.5Unf,1954,1954,Gable,0,832,SB,832,1,0,2,4,0,1962,2,528,0,0,0,2008,105500
7200,1Fam,1.5Fin,1954,1954,Gable,673,181,FA,1278,1,0,4,6,0,1954,1,240,0,0,0,2008,127500
8513,Duplex,1Story,1961,1961,Gable,0,1800,SB,1800,2,0,6,10,0,0,0,0,0,0,0,2008,130000
7200,1Fam,1.5Fin,1955,1967,Gable,370,398,SB,1588,1,1,3,6,0,1955,2,480,0,0,0,2008,150000
7200,1Fam,1Story,1954,1954,Gable,0,825,FA,825,1,0,2,4,0,1954,1,350,0,0,0,2008,109500
7056,1Fam,2Story,1963,1963,Hip,400,380,SB,1796,1,1,4,8,1,1963,2,483,0,50,0,2008,140000
9760,1Fam,2Story,1964,1964,Gable,674,0,SB,1611,1,1,4,7,0,1964,2,442,328,128,0,2008,167900
7590,1Fam,1Story,1963,1963,Gable,0,1117,SB,1117,1,0,3,6,0,1963,1,264,0,0,0,2008,136870
9836,1Fam,1Story,2008,2008,Gable,96,96,SB,1133,1,0,3,7,0,2008,1,308,0,175,0,2008,143000
5232,1Fam,1Story,1925,2004,Gable,0,680,FP,764,1,0,2,4,0,1965,2,504,0,0,0,2008,73000
10440,1Fam,2Story,1904,2002,Gable,0,650,SB,1539,2,0,3,8,1,1983,2,686,70,78,0,2008,157500
9184,1Fam,1.5Fin,1948,2005,Gable,0,780,SB,1323,1,0,3,6,0,1948,2,400,0,0,0,2008,122600
4800,1Fam,2Story,1910,2003,Gable,0,680,SB,1360,1,0,2,6,0,1910,1,330,192,50,0,2008,111000
10440,1Fam,1.5Fin,1920,1950,Gable,493,1017,SB,2792,2,0,5,8,2,1920,2,520,0,547,0,2008,256000
4800,1Fam,1Story,1940,1950,Gable,0,672,SB,672,1,0,2,4,0,1950,1,256,0,0,0,2008,64000
6000,1Fam,2.5Unf,1915,2005,Gable,0,728,SB,1456,1,1,4,7,0,1915,1,308,0,0,0,2008,139500
11426,2fmCon,1.5Fin,1910,1996,Gable,0,828,FA,1594,2,0,3,9,0,0,0,0,0,172,0,2008,118000
11426,1Fam,1.5Fin,2003,2003,Gable,0,1362,SB,2082,2,1,3,6,0,2003,2,484,280,238,0,2008,2.00E+05
7628,1Fam,1.5Fin,1940,1985,Gable,0,801,FA,1656,2,0,2,8,0,1958,2,440,187,0,0,2008,119164
7308,1Fam,1.5Fin,1920,1950,Gable,360,576,FA,1740,1,0,2,6,1,1920,1,225,0,0,0,2008,122250
5400,1Fam,1Story,1920,2006,Gable,0,931,SB,1027,1,0,2,5,1,0,0,0,0,28,0,2008,120000
10800,2fmCon,1.5Fin,1940,1950,Gable,590,294,SB,1436,2,0,3,8,2,1940,2,828,0,0,0,2008,155000
6756,1Fam,1Story,1910,1950,Mansard,0,481,FA,899,1,0,2,5,0,1930,1,200,0,0,0,2008,78000
5914,1Fam,1.5Fin,1890,1996,Gable,0,684,SB,1080,1,0,3,5,0,0,0,0,0,165,0,2008,95000
6000,1Fam,1Story,1948,1950,Gable,104,516,SB,789,1,0,2,5,0,1948,1,250,0,0,0,2008,115000
12000,1Fam,1Story,1948,2005,Gable,144,172,SB,1122,1,0,2,6,0,1948,2,528,0,36,0,2008,147000
9000,1Fam,1.5Fin,1946,1950,Gable,445,459,FA,1499,1,0,3,5,1,1959,3,869,0,20,0,2008,140000
6000,1Fam,1Story,1957,1957,Hip,308,620,FA,928,1,0,3,5,0,1957,1,288,0,0,0,2008,112500
6000,1Fam,1Story,1954,2000,Gable,0,901,SB,901,1,0,2,4,0,1954,1,281,0,0,0,2008,107900
12205,1Fam,1Story,1949,1992,Gable,0,448,SB,1588,2,0,5,6,0,0,0,0,0,0,0,2008,65000
18386,1Fam,2.5Fin,1880,2002,Gable,0,1470,SB,3493,3,0,3,10,1,2003,3,870,302,0,0,2008,295000
9142,2fmCon,2Story,1900,2006,Gable,0,797,FA,1627,2,0,4,10,0,1950,2,420,192,0,0,2008,139500
12665,1Fam,1.5Fin,1915,1950,Gable,0,876,SB,1416,1,1,4,7,1,1949,3,720,418,0,0,2008,153900
5350,1Fam,2Story,1920,1965,Gable,116,508,SB,1450,1,0,3,7,0,1935,1,288,0,192,0,2008,132000
4571,1Fam,2Story,1916,1950,Gable,0,624,SB,1344,1,0,4,7,0,1916,3,513,0,0,0,2008,98000
9143,1Fam,1.5Fin,1900,2003,Gable,0,346,SB,1017,1,0,2,5,0,1961,1,308,0,0,0,2008,114000
9600,2fmCon,2Story,1920,1960,Gable,234,739,FP,2350,2,0,4,10,0,1930,2,393,0,0,0,2008,130000
9600,1Fam,2.5Unf,1917,1950,Gable,319,416,SB,2058,1,1,3,8,1,1950,2,396,0,0,0,2008,129500
6000,1Fam,2Story,1905,2005,Gable,0,572,SB,1540,1,1,3,7,0,0,0,0,240,77,0,2008,129400
9600,1Fam,2Story,1928,2005,Gambrel,141,548,SB,1378,2,0,3,7,1,1928,2,360,0,0,0,2008,161000
10800,2fmCon,1.5Fin,1905,2000,Gable,0,482,SB,1912,2,0,3,7,1,2003,2,672,0,25,0,2008,163000
6300,1Fam,2.5Unf,1914,2001,Gable,0,742,SB,1484,2,0,3,9,1,0,0,0,0,291,0,2008,128000
5250,1Fam,2Story,1872,1987,Gable,259,425,SB,2358,2,0,4,8,0,0,0,0,0,54,0,2008,122000
5700,1Fam,1.5Fin,1926,1950,Gable,0,572,SB,1111,1,0,2,5,1,1982,1,288,0,0,0,2008,116900
13500,1Fam,2.5Unf,1893,2000,Gable,0,1237,SB,2775,3,1,3,9,1,1988,2,880,105,502,0,2008,325000
10800,1Fam,2Story,1890,1999,Gable,0,1313,SB,2495,2,0,5,10,1,1950,2,342,0,299,0,2008,184000
9750,1Fam,1Story,1959,1959,Gable,200,784,SB,984,1,0,2,5,0,1959,1,308,0,0,0,2008,110000
12150,1Fam,1.5Fin,1954,1954,Gable,0,1050,FF,1795,2,0,4,7,0,1954,1,352,0,0,0,2008,131500
12702,1Fam,1Story,1956,1956,Gable,0,0,FA,882,1,0,2,4,0,1956,1,308,0,45,0,2008,97000
8516,1Fam,1Story,1958,2006,Gable,0,869,SB,1093,1,0,2,5,0,1959,1,308,0,0,0,2008,115500
7111,1Fam,1Story,1928,1983,Gable,406,329,SB,1143,1,0,2,5,1,1992,1,288,265,0,0,2008,138000
7425,1Fam,1.5Fin,1945,1950,Gable,0,672,SB,1668,1,1,3,8,0,1945,1,252,210,0,0,2008,108000
9100,1Fam,1Story,1930,1960,Gable,0,742,FA,935,1,0,2,4,0,1988,1,308,0,0,0,2008,79500
7010,1Fam,1.5Fin,1935,1950,Gable,175,849,SB,1738,2,0,3,6,1,1950,1,240,0,30,0,2008,153000
6130,1Fam,1.5Unf,1924,1950,Gable,784,0,SB,784,1,0,2,5,0,0,0,0,0,0,0,2008,109500
5000,1Fam,1.5Fin,1941,2006,Gable,600,72,SB,1210,1,0,3,6,0,1941,1,240,0,0,0,2008,124000
5870,1Fam,2Story,1900,2000,Gable,0,554,SB,1290,1,1,3,6,0,1926,1,200,38,112,0,2008,106900
6000,1Fam,1.5Fin,1940,1989,Gable,521,460,SB,1672,1,1,3,6,1,1940,1,240,0,11,0,2008,164900
6000,1Fam,1Story,1924,2003,Gable,0,949,SB,949,1,0,2,5,1,1924,2,370,0,0,0,2008,119000
6000,1Fam,1.5Fin,1929,1950,Gable,0,862,SB,1158,1,0,3,5,1,1929,1,208,0,0,0,2008,120000
6000,1Fam,1.5Fin,1937,2000,Gable,201,462,SB,1497,2,0,3,5,0,2004,1,672,272,0,0,2008,157000
6000,1Fam,1.5Fin,1939,1950,Gable,264,475,SB,1342,2,0,2,7,1,1939,1,240,0,0,0,2008,105000
5000,1Fam,1.5Unf,1926,1950,Gable,0,992,SB,1013,1,0,3,6,0,1926,1,160,0,0,0,2008,113000
5520,1Fam,1.5Fin,1920,1997,Gable,68,497,SB,1216,1,0,3,6,1,1920,1,355,0,0,0,2008,115000
6240,1Fam,1.5Fin,1929,1950,Gable,80,624,SB,1136,1,0,2,6,0,1990,1,336,0,365,0,2008,123000
6120,1Fam,1Story,1945,1995,Gable,0,0,SB,808,1,0,1,6,0,1925,1,164,0,48,0,2008,81300
6240,1Fam,1.5Fin,1930,1992,Gable,0,1078,SB,1573,2,0,3,8,1,1930,2,360,0,0,0,2008,162900
6240,1Fam,1.5Fin,1939,1950,Gable,300,449,SB,2009,2,0,4,7,1,1939,2,400,0,20,0,2008,150000
6120,1Fam,2Story,1923,1950,Gambrel,203,897,SB,1902,2,0,4,7,0,1960,2,576,0,139,0,2008,123500
6120,1Fam,1.5Fin,1931,1950,Gable,0,952,FF,1774,2,0,2,8,2,1931,2,468,90,0,0,2008,129900
6155,1Fam,2Story,1920,1999,Gable,0,611,SB,1362,2,0,3,6,0,1920,2,502,0,0,0,2008,128000
6324,1Fam,1Story,1927,1950,Gable,0,520,SB,520,1,0,1,4,0,1920,1,240,49,0,0,2008,68500
8635,1Fam,1.5Fin,1948,2001,Gable,336,295,SB,1285,1,0,2,6,0,1948,1,240,0,0,0,2008,127000
13053,1Fam,1.5Fin,1923,2000,Gambrel,0,833,SB,1848,1,1,4,8,1,1922,2,370,0,0,0,2008,207000
9120,1Fam,1.5Fin,1925,1950,Gable,329,697,SB,1820,2,0,4,8,0,1925,1,240,0,100,0,2008,184000
9144,1Fam,1.5Fin,1915,2004,Gable,0,810,SB,1716,2,0,4,8,0,1970,2,672,0,195,0,2008,162500
9144,1Fam,1.5Fin,1940,1982,Gable,399,484,SB,1505,1,0,3,8,0,1940,1,240,0,0,0,2008,145000
10267,1Fam,1Story,1918,2000,Gable,210,0,SB,838,1,0,2,5,0,1961,1,275,0,0,0,2008,130000
8094,2fmCon,2.5Unf,1910,1983,Gable,196,1046,SB,1984,2,0,5,8,0,0,1,360,64,0,0,2008,160000
5100,1Fam,2Story,1925,1996,Hip,0,588,SB,1666,1,0,3,7,1,1925,1,228,192,63,0,2008,161000
4347,1Fam,1.5Fin,1910,1950,Gambrel,0,796,SB,1609,1,0,3,7,0,1910,1,228,0,182,0,2008,127500
6291,1Fam,1Story,1930,1950,Gable,0,768,SB,768,1,0,1,4,0,1930,2,440,0,0,0,2008,93850
10266,1Fam,2Story,1952,1952,Gable,372,396,FA,1536,1,1,4,7,0,1952,1,308,0,216,0,2008,136000
6876,1Fam,1.5Fin,1938,1958,Gable,0,1272,SB,1969,2,0,4,9,1,1938,2,400,0,34,0,2008,141000
10320,1Fam,1.5Fin,1915,1978,Gable,0,880,SB,1308,2,0,2,6,0,1950,2,400,0,0,0,2008,120000
7200,1Fam,1Story,1925,1992,Gable,0,1040,SB,1040,1,0,2,5,0,1993,2,320,0,132,0,2008,127500
7006,1Fam,1.5Fin,1925,1950,Gable,121,647,SB,1236,2,0,3,6,1,1985,1,384,0,0,0,2008,127000
7920,1Fam,1.5Fin,1920,1950,Gable,0,319,FA,1406,1,0,3,6,0,0,0,0,0,144,0,2008,89500
8235,1Fam,1Story,1955,1995,Gable,180,0,SB,825,1,0,2,4,0,1963,2,720,140,50,0,2008,125000
5586,1Fam,1.5Fin,1920,1998,Gable,0,901,SB,1198,1,0,4,7,0,0,0,0,0,98,0,2008,79900
10320,1Fam,1Story,1912,1991,Gable,0,451,SB,759,1,0,1,5,0,1997,2,576,40,0,0,2008,85000
10320,2fmCon,2Story,1915,1950,Gable,0,536,FF,1344,2,0,3,8,0,0,0,0,42,0,0,2008,82375
10320,1Fam,1.5Fin,1906,1995,Gable,0,756,SB,1469,1,0,3,7,0,1906,1,216,57,0,0,2008,135000
9488,1Fam,1Story,1947,1993,Gable,0,1046,SB,1054,1,0,3,6,0,1947,1,240,0,60,0,2008,124000
8250,1Fam,1Story,1968,1968,Hip,250,210,SB,1211,1,0,3,5,1,1968,1,322,0,63,0,2008,134000
21286,1Fam,1.5Fin,1948,1950,Gable,0,720,SB,1271,2,0,4,7,1,1948,1,312,0,0,0,2008,135000
17120,1Fam,1.5Fin,1959,1959,Gable,0,0,SB,1588,2,0,4,7,1,1991,2,680,0,59,0,2008,134432
10106,2fmCon,1.5Fin,1940,1999,Gable,351,112,SB,1355,2,0,4,6,0,0,0,0,140,0,0,2008,127500
11235,1Fam,SFoyer,1963,1963,Gable,784,197,SB,1075,1,0,3,6,0,1996,2,440,64,0,0,2008,148000
11200,1Fam,1Story,1965,1965,Hip,906,134,SB,1040,1,0,3,5,0,1965,1,384,0,0,0,2008,129500
13014,1Fam,SLvl,1978,1978,Gable,528,480,SB,1096,1,0,3,6,1,1978,2,484,168,0,0,2008,157500
7162,1Fam,1Story,1966,1966,Gable,0,876,SB,904,1,0,3,6,0,1966,1,408,0,0,0,2008,109900
10265,1Fam,1Story,1967,2005,Gable,758,234,SB,992,1,0,3,6,0,1967,1,294,204,0,0,2008,145000
9764,1Fam,1Story,1967,2003,Gable,702,192,SB,894,1,0,3,5,0,1967,2,450,0,0,0,2008,130000
7703,1Fam,SFoyer,1978,1978,Gable,450,0,SB,1034,1,0,3,6,1,1978,2,504,311,0,0,2008,153000
9981,1Fam,1Story,1967,1967,Gable,221,852,SB,1073,1,0,3,6,0,1967,1,270,0,90,0,2008,120000
7400,1Fam,SFoyer,1984,1984,Gable,104,0,SB,1126,1,0,2,5,0,1984,2,506,178,0,0,2008,152000
12900,Duplex,SFoyer,1969,1969,Gable,1198,0,SB,1258,0,2,0,6,0,1969,2,400,120,0,0,2008,108959
12900,2fmCon,1Story,1920,1950,Gable,1300,0,SB,1140,1,0,3,6,0,1920,2,400,0,0,0,2008,95541
9000,1Fam,1Story,1959,1959,Gable,288,718,SB,1006,1,0,3,5,0,0,0,0,0,24,0,2008,80000
8544,1Fam,1Story,1966,2006,Gable,0,1228,SB,1228,1,1,3,6,0,1966,1,271,0,65,0,2008,149350
9239,1Fam,1Story,1963,2003,Gable,634,326,SB,960,1,0,3,6,0,1963,1,300,168,0,0,2008,144900
14175,1Fam,1Story,1956,1956,Gable,776,212,FA,1188,1,0,1,4,1,1956,2,621,102,89,0,2008,185000
13284,1Fam,1Story,1954,1954,Gable,1064,319,SB,1383,1,0,3,6,1,1954,1,354,511,116,0,2008,165000
13500,1Fam,1Story,1960,1975,Flat,429,93,SB,1252,1,0,1,4,1,1960,2,564,409,0,0,2008,235000
13825,1Fam,SLvl,1958,1987,Gable,0,533,SB,1601,1,0,3,6,0,1958,1,300,280,34,0,2008,140000
10200,1Fam,1Story,1940,1997,Gable,0,672,SB,672,1,0,2,4,0,1940,1,240,168,0,0,2008,108000
10532,1Fam,1Story,1960,1960,Flat,988,0,SB,1721,2,0,3,7,2,1960,2,626,50,84,0,2008,145000
8375,1Fam,1.5Fin,1941,1973,Gable,336,240,SB,1350,1,1,2,6,0,1973,3,627,0,0,0,2008,152400
10200,1Fam,SLvl,1970,1970,Hip,704,160,SB,904,1,0,3,5,0,1979,3,912,143,0,0,2008,144000
2887,1Fam,1Story,1996,1997,Gable,1003,288,SB,1291,1,0,2,6,1,1996,2,431,307,0,0,2008,173000
10005,1Fam,2Story,1977,1977,Hip,392,768,SB,2022,2,1,4,8,1,1977,2,505,288,117,0,2008,192000
20270,1Fam,1Story,1979,1979,Gable,599,925,SB,1524,2,0,3,7,2,1979,2,478,140,0,0,2008,245000
39104,1Fam,1Story,1954,2005,Flat,226,96,SB,1363,1,0,2,5,2,1954,2,439,81,0,0,2008,241500
53227,1Fam,1Story,1954,1994,Flat,1116,248,SB,1663,1,0,2,6,2,1954,2,529,224,137,0,2008,256000
11512,1Fam,SLvl,1959,2006,Gable,719,300,SB,1357,1,0,2,5,1,1959,1,312,0,0,0,2008,177000
5190,1Fam,1.5Fin,1948,1950,Gable,0,570,SB,1079,1,0,2,5,1,1948,1,249,135,0,0,2008,125600
10452,1Fam,1Story,1953,1953,Hip,500,594,SB,1094,1,0,3,5,2,1953,2,495,0,0,0,2008,155000
45600,1Fam,1.5Fin,1908,1997,Gable,0,907,SB,2358,3,0,5,10,1,1908,2,360,486,40,0,2008,240000
19550,1Fam,1Story,1940,2007,Flat,1035,545,SB,1518,1,0,2,5,2,0,0,0,0,39,0,2008,260000
21780,1Fam,1.5Fin,1918,1950,Gable,0,1163,SB,1674,2,0,4,8,1,1955,2,396,72,36,0,2008,185000
13728,1Fam,2Story,1935,1986,Hip,626,501,SB,2108,2,0,4,7,2,1935,2,540,0,0,0,2008,235000
9571,1Fam,1Story,1956,1956,Hip,870,639,FA,1509,1,0,3,6,1,1956,1,322,158,0,0,2008,159900
9350,Duplex,SFoyer,1975,1975,Gable,864,0,SB,864,1,0,2,4,0,0,0,0,0,0,0,2008,99600
9360,1Fam,2Story,1962,2001,Gable,324,297,SB,1269,1,1,3,7,0,1962,1,280,0,236,0,2008,134500
8405,1Fam,1.5Fin,1900,1950,Gable,241,229,SB,1367,1,0,4,7,0,1978,1,384,0,130,0,2008,119000
7000,2fmCon,2Story,1910,1991,Gable,969,148,SB,1347,1,0,3,5,0,0,0,0,85,0,0,2008,107500
10880,2fmCon,1Story,1950,1950,Gable,1040,124,SB,1164,1,0,3,5,0,1950,1,240,0,48,0,2008,125000
9600,1Fam,1.5Fin,1924,1950,Gable,0,572,FF,1096,1,0,2,5,0,0,0,0,0,8,0,2008,79000
9084,1Fam,1.5Fin,1941,1950,Gable,236,0,SB,1111,1,0,3,5,0,1941,1,200,48,0,0,2008,95000
11839,1Fam,2Story,1990,1990,Hip,1085,390,SB,2329,2,1,4,10,1,1990,2,514,192,121,0,2008,262280
9771,1Fam,2Story,1995,2002,Gable,779,298,SB,2814,2,1,4,9,1,1995,2,614,48,32,0,2008,260000
9938,1Fam,1Story,1994,1994,Gable,1271,331,SB,1626,2,1,3,7,1,1994,2,534,424,40,0,2008,226500
14171,1Fam,2Story,1993,1994,Gable,355,457,SB,2200,2,1,4,9,1,1993,2,453,168,98,0,2008,225000
10541,1Fam,SLvl,1996,1996,Gable,0,672,SB,2037,2,1,3,8,1,1996,2,472,100,33,0,2008,229000
10616,1Fam,2Story,2007,2007,Gable,0,628,SB,1356,2,1,3,6,1,2007,2,484,100,24,0,2008,177439
9345,1Fam,1Story,2007,2007,Gable,0,1615,SB,1615,2,0,3,7,1,2007,3,864,168,30,0,2008,248500
11778,1Fam,1Story,2008,2008,Hip,1153,598,SB,1766,2,1,3,8,2,2008,3,874,216,36,0,2008,395039
11228,1Fam,2Story,1993,1993,Gable,50,499,SB,2097,2,1,3,9,1,1993,3,678,196,187,0,2008,228000
11454,1Fam,SLvl,1995,1995,Gable,770,631,SB,1511,2,0,3,6,1,1995,3,811,168,42,0,2008,225000
11500,1Fam,1Story,1966,1966,Flat,262,197,SB,1643,2,0,2,6,1,1966,2,438,339,0,0,2008,195000
12798,1Fam,2Story,1997,1997,Gable,462,154,SB,1688,2,1,4,8,0,1997,2,603,403,114,0,2008,2.00E+05
9750,1Fam,1Story,1994,1994,Gable,722,268,SB,990,1,0,3,5,0,1997,2,528,168,0,0,2008,155000
9525,1Fam,1Story,1995,2006,Gable,0,1099,SB,1099,1,1,3,6,0,1999,1,352,278,0,0,2008,144000
9245,1Fam,1Story,1994,1995,Gable,686,304,SB,990,1,0,3,5,0,1996,2,672,0,0,0,2008,145000
8696,1Fam,1Story,1997,1998,Gable,1308,110,SB,1418,2,0,3,5,1,1997,2,558,208,110,0,2008,226001
13142,1Fam,2Story,1997,1997,Gable,688,176,SB,1771,2,1,3,6,0,1997,2,600,0,96,0,2008,215700
8998,1Fam,2Story,2000,2000,Gable,527,255,SB,1652,2,1,3,6,0,2000,2,532,0,70,0,2008,207500
9179,1Fam,2Story,1999,1999,Gable,633,240,SB,1790,2,1,3,7,0,1999,2,588,0,88,0,2008,193000
8924,1Fam,2Story,1998,1999,Gable,0,880,SB,1724,2,1,3,8,0,1998,2,527,120,155,0,2008,188000
9382,1Fam,1Story,1999,2000,Gable,0,1468,SB,1479,2,0,3,6,0,1999,2,577,120,25,0,2008,191000
12803,1Fam,1Story,2002,2002,Gable,922,572,SB,1494,2,0,3,6,1,2002,2,530,192,36,0,2008,221000
12435,1Fam,2Story,2001,2001,Gable,361,602,SB,1792,2,1,3,7,1,2001,2,564,0,96,0,2008,231500
12192,1Fam,2Story,2000,2001,Gable,663,265,SB,1823,2,1,3,6,0,2000,2,626,192,36,0,2008,235000
11250,1Fam,2Story,2001,2002,Gable,486,434,SB,1786,2,1,3,6,1,2001,2,608,0,42,0,2008,223500
9200,1Fam,1Story,1975,1980,Hip,280,167,SB,938,1,0,3,5,0,1977,1,308,145,0,0,2008,130250
8385,1Fam,SLvl,1977,1977,Gable,595,390,SB,985,2,0,3,6,0,1977,1,328,210,0,0,2008,149900
12250,1Fam,1Story,1978,1978,Gable,781,83,SB,1174,1,0,3,5,0,1978,2,528,211,0,0,2008,158000
10970,1Fam,SLvl,1978,1978,Gable,505,0,SB,1026,1,0,3,5,0,1981,2,576,0,0,0,2008,147000
9216,1Fam,1Story,1975,1975,Gable,294,782,SB,1076,1,1,3,5,1,1985,2,576,0,0,0,2008,143195
14330,1Fam,1Story,1975,2001,Gable,88,180,SB,1558,2,0,2,5,0,1975,2,440,140,0,0,2008,163000
7990,1Fam,1Story,1975,1975,Hip,0,924,SB,924,1,0,3,5,0,1981,1,280,0,0,0,2008,110000
7180,1Fam,1Story,1972,1972,Hip,390,474,SB,864,1,0,3,5,0,1989,1,352,0,0,0,2008,127000
7200,1Fam,1Story,1972,1972,Gable,632,148,SB,780,1,0,2,4,0,1973,1,352,196,0,0,2008,124900
9742,1Fam,1Story,2002,2002,Hip,0,1777,SB,1795,2,0,3,7,1,2002,2,534,171,159,0,2008,230000
10316,1Fam,2Story,2000,2000,Gable,735,257,SB,1865,2,1,3,7,1,2000,3,839,0,184,0,2008,235000
10400,1Fam,2Story,2001,2001,Gable,0,1257,SB,2161,2,1,3,8,1,2001,2,570,0,84,0,2008,230500
9066,1Fam,2Story,1999,2000,Gable,668,336,SB,1852,2,1,3,7,2,1999,3,660,224,106,0,2008,230000
11404,1Fam,2Story,1998,1999,Gable,252,901,SB,2031,2,1,3,8,1,1998,2,541,192,84,0,2008,222500
9240,1Fam,2Story,2001,2002,Gable,0,1055,SB,2263,2,1,3,7,1,2001,2,905,0,45,0,2008,287000
9720,1Fam,2Story,2001,2002,Gable,1194,163,SB,1947,2,1,3,7,1,2001,3,725,168,116,0,2008,274000
14860,1Fam,1Story,2002,2003,Hip,1538,240,SB,1786,2,0,3,6,1,2002,3,715,182,35,0,2008,3.00E+05
11250,1Fam,2Story,2002,2002,Gable,0,1128,SB,2290,2,1,4,9,1,2002,2,779,0,0,0,2008,255900
8158,1Fam,2Story,2003,2003,Gable,550,334,SB,1768,2,1,3,8,0,2003,2,543,0,63,0,2008,224900
10905,1Fam,2Story,2003,2003,Gable,0,1129,SB,2327,2,1,4,9,1,2003,2,596,0,57,0,2008,240000
7226,1Fam,2Story,2003,2003,Gable,0,798,SB,1640,2,1,3,6,0,2003,2,595,0,45,0,2008,183000
11690,1Fam,2Story,1999,2000,Gable,0,850,SB,1764,2,1,3,7,1,1999,2,560,120,29,0,2008,207000
8750,1Fam,2Story,1994,1995,Gable,642,273,SB,1908,2,1,4,8,1,1994,2,493,144,133,0,2008,210000
4435,TwnhsE,1Story,2003,2003,Gable,686,162,SB,848,1,0,1,3,0,2003,2,420,140,0,0,2008,136500
4426,TwnhsE,1Story,2004,2004,Gable,662,186,SB,848,1,0,1,3,0,2004,2,420,140,0,0,2008,145000
13125,1Fam,1Story,1997,1998,Gable,994,484,SB,1493,2,0,3,7,1,1997,2,508,140,39,0,2008,208900
10126,Duplex,SFoyer,1997,1998,Gable,1593,83,SB,1838,2,0,2,8,0,1998,3,721,160,67,0,2008,185000
9135,1Fam,1Story,2002,2003,Gable,810,726,SB,1536,2,0,3,7,0,2002,2,532,192,74,0,2008,214000
8450,1Fam,2Story,2003,2003,Gable,706,150,SB,1710,2,1,3,8,0,2003,2,548,0,61,0,2008,208500
9750,1Fam,1Story,2004,2004,Gable,24,1421,SB,1445,2,0,3,6,0,2004,2,470,0,35,0,2008,186500
8450,1Fam,1Story,2004,2004,Gable,946,490,SB,1436,2,0,3,8,0,2004,2,484,139,98,0,2008,210000
8320,1Fam,2Story,2004,2004,Gable,490,280,SB,1582,2,1,3,6,0,2004,2,520,0,45,0,2008,185900
11049,1Fam,1Story,2007,2007,Gable,0,1234,SB,1234,2,0,3,7,0,2007,2,484,0,30,0,2008,179900
11058,1Fam,1Story,2007,2007,Gable,56,1508,SB,1564,2,0,3,6,0,2007,3,814,0,24,0,2008,218836
9627,1Fam,1Story,2007,2007,Gable,24,1327,SB,1361,2,0,3,6,0,2007,2,610,0,50,0,2008,193000
8199,1Fam,2Story,2005,2005,Gable,648,80,SB,1456,2,1,3,7,1,2005,2,410,36,18,0,2008,189000
4426,TwnhsE,1Story,2004,2004,Gable,697,151,SB,848,1,0,1,3,1,2004,2,420,149,0,0,2008,149300
4426,TwnhsE,1Story,2004,2004,Gable,697,151,SB,848,1,0,1,3,1,2004,2,420,149,0,0,2008,141000
4438,TwnhsE,1Story,2004,2004,Gable,662,186,SB,848,1,0,1,3,1,2004,2,420,149,0,0,2008,149000
4438,TwnhsE,1Story,2004,2004,Gable,662,186,SB,848,1,0,1,4,1,2004,2,420,140,0,0,2008,144500
8777,1Fam,1Story,1910,1950,Gable,0,796,FA,796,1,0,2,4,0,0,0,0,328,0,0,2008,85000
8777,Duplex,1.5Fin,1900,2003,Gable,1084,188,SB,2200,2,2,4,9,0,0,0,0,0,70,0,2008,145900
9825,1Fam,1Story,1966,1966,Hip,609,483,SB,1092,1,0,3,6,0,1966,1,264,259,0,0,2008,123000
9937,1Fam,1Story,1965,1965,Gable,830,136,SB,1256,1,1,3,6,0,1965,1,276,736,68,0,2008,147500
12102,1Fam,SFoyer,1976,1976,Gable,456,0,SB,1033,1,0,3,6,0,1976,2,504,224,0,0,2008,165000
13907,1Fam,1Story,1940,1969,Gable,290,706,SB,996,1,0,3,6,1,0,0,0,144,0,0,2008,108000
10012,1Fam,SFoyer,1972,1972,Gable,920,38,SB,1181,2,0,3,6,0,1974,2,588,0,0,0,2008,137500
6931,1Fam,2Story,2003,2004,Gable,0,746,SB,1656,2,1,3,7,1,2003,2,397,178,128,0,2008,165400
9638,1Fam,SLvl,1977,1977,Hip,368,541,SB,1117,1,0,3,6,1,1977,2,542,292,0,0,2008,147000
7200,1Fam,2Story,1976,2001,Hip,288,396,SB,1398,1,1,3,6,1,1976,2,440,0,0,0,2008,160500
7024,1Fam,1Story,2005,2005,Gable,1024,108,SB,1132,1,1,2,5,0,2005,2,451,252,64,0,2008,176000
47007,1Fam,1Story,1959,1996,Gable,0,0,SB,3820,3,1,5,11,2,1959,2,624,0,372,0,2008,284700
63887,1Fam,2Story,2008,2008,Hip,5644,466,SB,5642,2,1,3,12,3,2008,2,1418,214,292,480,2008,160000
3675,TwnhsE,SLvl,2005,2005,Gable,459,88,SB,1072,1,0,2,5,0,2005,2,525,0,28,0,2008,148000
6040,Duplex,1Story,1955,1955,Gable,0,0,FP,1152,2,0,2,6,0,0,0,0,0,0,0,2008,82000
6012,Duplex,1Story,1955,1955,Gable,0,0,SB,1152,2,0,2,6,0,0,0,0,0,0,0,2008,82000
12108,Duplex,1Story,1955,1955,Gable,133,1307,FF,1440,2,0,4,8,0,0,0,0,0,0,0,2008,118000
6845,Duplex,1Story,1955,1955,Gable,0,0,FF,1152,2,0,2,6,0,0,0,0,0,0,0,2008,82500
6931,2fmCon,1Story,1955,1955,Hip,784,0,FP,784,1,0,2,4,0,0,0,0,112,0,0,2008,91900
12180,1Fam,1.5Fin,1938,2007,Gable,0,585,FF,1053,1,1,2,5,0,0,0,0,42,0,0,2008,120000
8050,1Fam,1.5Fin,1947,1993,Gable,0,0,SB,1137,1,1,4,8,0,0,0,0,0,0,0,2008,96000
9520,1Fam,1Story,1953,1953,Gable,767,144,SB,930,1,0,2,5,0,1953,1,286,134,0,0,2008,99000
11767,1Fam,1.5Fin,1946,1995,Gable,352,416,SB,1200,1,0,3,6,0,1946,1,240,0,0,0,2008,130500
8172,1Fam,1.5Fin,1954,1972,Gable,0,941,SB,1470,2,0,4,7,0,1958,1,548,0,0,0,2008,135000
16466,1Fam,1.5Fin,1955,1955,Gable,0,816,SB,1393,1,1,3,8,0,1955,1,300,121,0,0,2008,135500
7692,1Fam,SLvl,1954,1954,Gable,0,416,FA,1204,1,0,3,6,0,1954,1,312,0,0,0,2008,1.00E+05
5142,1Fam,1.5Fin,1923,2008,Gable,224,725,SB,1292,1,1,3,6,0,1923,1,205,0,0,0,2008,108000
5604,1Fam,1Story,1925,1950,Gable,468,396,FA,864,1,0,2,5,0,0,0,0,0,0,0,2008,98000
8248,1Fam,1Story,1914,1950,Gable,41,823,FF,864,1,0,2,5,0,0,0,0,0,0,0,2008,67000
5687,2fmCon,2Story,1912,2000,Gable,210,570,SB,1716,2,0,6,9,0,0,0,0,0,184,0,2008,135900
12155,1Fam,2Story,1925,1950,Gable,156,516,SB,1482,2,0,4,7,0,1934,1,400,0,0,0,2008,140000
8400,1Fam,2.5Fin,1939,1997,Gable,378,342,SB,2192,2,1,4,8,1,1939,1,240,262,24,0,2008,179500
8400,1Fam,1.5Fin,1925,1950,Gable,423,758,SB,1694,2,0,4,7,1,1925,2,576,342,0,0,2008,136500
7290,1Fam,1Story,1921,1950,Gable,0,1228,SB,1424,2,0,2,7,1,1921,1,312,0,0,0,2008,168000
8525,1Fam,2Story,1911,1950,Gable,0,940,FA,1964,1,1,4,7,0,0,0,0,0,192,0,2008,130000
9842,1Fam,2Story,1921,1998,Gable,0,612,SB,2601,3,1,4,8,0,1998,2,621,183,0,0,2008,189000
7804,Duplex,2.5Unf,1930,1950,Gable,281,0,SB,1920,2,2,4,10,2,1930,2,480,248,0,0,2008,161900
8969,1Fam,2Story,1926,1950,Gambrel,379,265,SB,1316,1,0,2,6,1,2001,1,369,0,0,0,2008,145000
11526,1Fam,2.5Fin,1922,1994,Gable,0,588,SB,2555,2,0,3,11,1,1993,2,672,431,0,0,2008,191000
15576,1Fam,2Story,1915,1976,Gable,0,840,SB,1680,2,0,4,8,0,1960,1,308,0,0,0,2008,177000
15564,1Fam,1.5Fin,1914,1995,Gable,0,676,SB,1264,1,0,3,6,0,1994,2,400,424,0,0,2008,147500
6292,1Fam,1Story,1930,1950,Gable,384,384,SB,790,1,0,2,4,0,1925,1,160,0,141,0,2008,91000
7609,1Fam,2Story,1925,1997,Gable,406,392,SB,1512,2,0,3,7,1,1925,1,180,85,16,0,2008,231000
10480,1Fam,1.5Fin,1936,1950,Gable,0,1064,FA,1639,1,0,3,6,0,1936,1,240,0,0,0,2008,115000
9650,1Fam,2Story,1923,1950,Hip,0,784,SB,1603,1,0,4,7,1,1980,2,599,0,217,0,2008,138000
7200,1Fam,2Story,1931,2000,Gable,0,776,SB,1502,1,1,3,6,1,1931,1,270,0,0,0,2008,149000
11988,1Fam,2Story,1934,1995,Hip,326,389,FA,1660,1,1,3,6,1,1939,1,240,0,0,0,2008,188700
11700,1Fam,1.5Fin,1937,1995,Gable,606,336,SB,1938,2,0,4,7,1,1937,1,240,0,40,0,2008,198000
9260,1Fam,1.5Fin,1938,1950,Gable,0,884,FF,1374,1,0,3,6,0,1938,1,225,64,0,0,2008,110000
7801,1Fam,1Story,1951,1951,Hip,500,591,FA,1091,1,0,2,5,1,1951,1,344,66,105,0,2008,104000
9670,1Fam,2Story,1935,1950,Gable,210,398,SB,1873,1,1,4,9,2,1935,2,786,0,0,0,2008,257076
14100,1Fam,1.5Fin,1935,1997,Gable,192,536,SB,3447,3,1,4,11,2,1982,3,1014,314,12,0,2008,381000
15660,1Fam,1.5Fin,1939,2006,Gable,341,457,SB,1954,1,1,3,8,2,1939,2,431,0,119,0,2008,311500
12392,1Fam,1.5Fin,1950,2000,Gable,435,397,SB,2161,2,1,3,8,2,1994,2,506,0,96,0,2008,263400
26073,1Fam,1Story,1956,1956,Gable,1116,782,FA,1898,2,1,3,7,2,1956,2,484,0,51,0,2008,236500
14778,1Fam,1Story,1954,2006,Hip,728,568,SB,1640,1,0,3,7,1,1993,2,924,108,0,0,2008,224000
1879,Twnhs,2Story,1980,1980,Gable,366,150,SB,1032,1,0,2,5,1,1980,2,462,213,0,0,2008,116500
1950,Twnhs,2Story,1980,1980,Gable,81,23,SB,1556,2,1,3,6,1,1980,2,452,161,0,0,2008,151000
7000,1Fam,1Story,1926,1998,Gable,299,555,SB,919,1,0,2,5,0,1926,1,195,0,0,0,2008,126000
6000,1Fam,1.5Fin,1940,2006,Gable,0,720,SB,1090,1,0,3,5,0,1940,1,240,0,0,0,2008,120000
5890,1Fam,1Story,1930,2007,Gable,538,278,SB,816,1,0,2,5,0,2002,1,432,0,0,0,2008,120500
8155,1Fam,1.5Fin,1930,1950,Gable,0,780,FA,1200,1,0,4,7,0,0,0,0,0,0,0,2008,119000
6000,1Fam,SLvl,1967,1967,Hip,257,367,SB,1656,1,1,3,7,1,1967,1,288,0,180,0,2008,126000
7392,1Fam,1Story,1930,1995,Gable,0,520,FA,912,1,0,2,5,0,1934,1,360,0,90,0,2008,99500
9000,1Fam,1.5Fin,1958,1958,Gable,330,821,FA,1955,2,0,4,7,0,1958,1,356,0,0,0,2008,165500
5280,1Fam,2Story,1895,1950,Gable,0,173,SB,1361,1,0,2,6,0,1895,1,185,0,123,0,2008,89000
5150,1Fam,1.5Fin,1910,2000,Gable,0,356,FA,1049,1,0,2,5,0,1910,1,195,0,0,0,2008,80900
18000,1Fam,1Story,1935,1950,Gable,0,894,SB,894,1,0,2,6,0,1994,3,1248,0,20,0,2008,81000
9000,1Fam,2Story,1920,1950,Gable,0,592,SB,864,1,1,3,5,0,1920,1,216,0,30,0,2008,65000
5587,TwnhsE,1Story,2008,2008,Hip,1480,120,SB,1652,2,0,2,5,1,2008,2,482,162,53,0,2008,392500
3843,TwnhsE,1Story,2007,2008,Hip,1476,120,SB,1648,2,0,2,5,1,2007,2,525,162,53,0,2008,294464
3811,TwnhsE,1Story,2004,2005,Hip,1474,120,SB,1646,2,0,2,5,1,2004,2,482,128,53,0,2008,250000
3842,TwnhsE,1Story,2004,2005,Hip,1373,221,SB,1646,2,0,2,5,1,2004,2,482,128,53,0,2008,275000
23730,1Fam,1Story,1996,1997,Gable,700,1140,SB,2032,3,0,3,7,0,1996,3,786,0,46,0,2008,3.00E+05
13265,1Fam,1Story,2002,2002,Hip,1218,350,SB,1689,2,0,3,7,2,2002,3,857,150,59,0,2008,271000
11050,1Fam,2Story,1996,1997,Gable,0,910,SB,1820,2,1,3,8,1,1996,3,816,318,32,0,2008,213000
9880,1Fam,SLvl,1977,1977,Gable,522,574,SB,1118,1,0,3,6,1,1977,1,358,203,0,576,2008,171000
10125,1Fam,1Story,1977,1977,Gable,641,276,SB,1279,2,0,3,6,2,1980,2,473,238,83,0,2008,171500
10260,Duplex,2Story,1976,1976,Gable,0,0,SB,1872,2,2,4,8,0,1976,2,484,0,0,0,2008,1.00E+05
9990,1Fam,1Story,1991,1991,Gable,1383,297,SB,1689,2,0,3,6,1,1991,2,432,428,120,0,2008,228500
164660,2fmCon,1.5Fin,1965,1965,Gable,1249,103,SB,1786,2,0,3,7,2,1965,2,529,670,0,0,2008,228950
4084,TwnhsE,1Story,1986,1986,Gable,893,384,SB,1501,2,0,2,6,1,1986,2,512,240,0,0,2008,241500
15498,1Fam,1Story,1976,1976,Hip,1165,0,SB,2898,2,0,2,10,1,1976,2,665,0,72,0,2008,287000
11563,1Fam,1Story,2006,2007,Hip,1036,482,SB,1537,2,0,3,8,0,2007,3,788,0,26,0,2008,294000
9520,1Fam,1Story,2007,2008,Gable,1513,125,SB,1646,2,0,3,7,1,2008,3,800,192,44,0,2008,293077
12852,1Fam,2Story,2007,2007,Gable,770,150,SB,1780,2,1,3,6,1,2007,2,612,0,192,0,2008,264966
9802,1Fam,SLvl,2006,2007,Gable,0,352,SB,1442,2,1,3,6,0,2007,2,400,100,0,0,2008,172500
9735,1Fam,SLvl,2006,2007,Gable,0,384,SB,1394,2,1,3,7,0,2007,2,400,100,0,0,2008,167500
12018,1Fam,2Story,2008,2008,Gable,0,796,SB,1612,2,1,3,6,0,2008,3,666,0,64,0,2008,218689
12890,1Fam,1Story,1989,1989,Gable,0,1495,SB,1495,2,0,3,8,1,1989,2,438,252,0,0,2008,150000
12416,1Fam,1Story,1986,1986,Gable,1398,0,SB,1651,2,0,3,7,1,1986,2,616,192,0,0,2008,184000
18265,1Fam,1Story,1986,1986,Gable,920,276,SB,1256,2,0,3,6,1,1986,2,578,282,0,0,2008,180000
10200,1Fam,SLvl,1988,1989,Gable,783,678,SB,1509,2,0,3,5,1,1988,2,600,224,0,0,2008,175000
11202,1Fam,1Story,2003,2003,Hip,1029,403,SB,1440,2,0,3,7,1,2003,2,467,185,95,0,2008,232500
7915,1Fam,1Story,1999,2000,Hip,1223,443,SB,1675,2,0,3,6,0,1999,2,435,165,52,0,2008,195000
12244,1Fam,2Story,2003,2003,Hip,871,611,SB,2262,2,1,4,10,2,2003,3,749,168,0,0,2008,305000
11449,1Fam,1Story,2007,2007,Gable,1011,873,SB,1728,2,0,3,7,1,2007,2,520,0,276,0,2008,298751
11447,1Fam,1Story,2005,2006,Gable,1571,393,SB,1964,2,1,3,7,1,2005,3,892,0,265,0,2008,370000
8940,Duplex,SFoyer,1997,1998,Gable,1309,35,SB,1344,2,0,2,8,0,1997,4,784,0,0,0,2008,209200
7060,Duplex,SFoyer,1997,1998,Gable,1309,35,SB,1344,2,0,2,8,0,1997,4,784,0,0,0,2008,206300
9278,1Fam,1Story,2007,2008,Gable,0,1092,SB,1092,1,0,2,5,0,0,0,0,0,52,0,2008,146000
4500,TwnhsE,1Story,1997,1997,Hip,864,325,SB,1189,2,0,2,4,0,1997,2,392,0,122,0,2008,160500
14137,1Fam,SFoyer,1964,1964,Gable,865,88,SB,1200,1,0,3,6,0,1964,3,850,0,119,0,2008,173000
4224,TwnhsE,1Story,1975,1975,Gable,769,271,SB,1040,1,0,3,6,0,1975,2,499,0,100,0,2008,124000
2665,TwnhsE,2Story,1976,1976,Gable,0,264,SB,1304,1,1,3,4,1,1976,1,336,141,24,0,2008,115000
2665,TwnhsE,2Story,1976,1976,Gable,318,232,SB,1475,2,0,4,6,1,1976,1,336,92,26,0,2008,129500
1974,Twnhs,SFoyer,1973,2006,Gable,501,25,SB,988,1,0,2,5,0,1973,1,297,120,101,0,2008,105000
1596,Twnhs,SLvl,1973,1973,Gable,437,25,SB,988,1,0,1,4,1,1973,1,297,0,101,0,2008,94900
17979,1Fam,1Story,1968,1968,Gable,785,328,SB,1160,1,0,3,6,0,1968,1,257,81,0,0,2008,152500
1477,Twnhs,2Story,1970,2007,Gable,358,188,SB,1092,2,1,3,6,0,0,0,0,187,0,0,2008,98000
1890,Twnhs,SFoyer,1972,1972,Gable,495,135,SB,630,1,0,1,3,0,0,0,0,88,0,0,2008,81000
21750,1Fam,1Story,1954,1954,Hip,0,988,FA,988,1,0,2,4,0,1954,2,520,0,0,0,2008,113000
6490,1Fam,1Story,1983,1983,Gable,534,282,SB,816,1,0,2,4,0,1983,1,264,315,0,0,2008,128500
6951,1Fam,1Story,1984,1985,Gable,658,218,SB,923,1,0,3,5,0,1984,1,264,362,0,0,2008,119500
6600,1Fam,1Story,1982,2008,Gable,641,175,SB,816,1,0,3,5,1,1982,1,264,0,0,0,2008,130500
6600,1Fam,1Story,1982,2003,Gable,816,0,SB,816,1,0,2,4,0,1985,2,816,0,0,0,2008,138000
6600,1Fam,1Story,1982,2005,Gable,638,207,SB,845,1,0,3,6,0,1982,1,264,0,0,0,2008,134500
12508,1Fam,1.5Fin,1940,1985,Gable,660,323,SB,1750,2,0,4,7,0,1989,1,423,245,0,0,2008,160000
12395,1Fam,1Story,1984,1984,Gable,647,217,SB,889,1,0,3,6,0,1984,2,484,0,0,0,2008,137500
11075,1Fam,2Story,1969,1969,Gable,562,29,SB,1968,2,1,4,7,1,1969,2,530,305,189,0,2008,172000
56600,1Fam,2.5Unf,1900,1950,Hip,0,686,SB,1836,2,0,4,7,0,1900,1,288,0,0,0,2008,103000
10667,1Fam,1Story,1971,1971,Gable,838,749,SB,1587,2,0,3,7,1,1971,2,525,0,44,0,2007,167300
10628,1Fam,1Story,1970,1970,Flat,778,499,SB,1277,1,0,2,5,1,1970,2,526,0,0,0,2007,167000
13651,1Fam,1Story,1973,1973,Gable,1880,343,SB,2223,2,0,3,8,2,1973,2,516,300,0,0,2007,244000
15865,1Fam,1Story,1970,1970,Flat,351,1043,SB,2217,2,0,4,8,1,1970,2,621,81,207,0,2007,268000
12394,1Fam,2Story,2003,2003,Gable,0,847,SB,1733,2,1,3,7,1,2003,2,433,100,48,0,2007,225000
10364,1Fam,2Story,1995,1996,Gable,0,806,SB,1572,2,1,3,7,1,1995,2,373,0,40,0,2007,168000
13869,1Fam,2Story,1997,1997,Gable,182,612,SB,1470,2,0,3,6,0,1997,2,388,0,75,0,2007,177000
8773,1Fam,2Story,1997,1997,Gable,0,916,SB,1600,2,1,3,7,1,1997,2,460,100,38,0,2007,169000
8872,1Fam,SLvl,1997,1997,Gable,0,384,SB,1384,2,1,3,7,1,1997,2,390,0,0,0,2007,161500
5330,TwnhsE,1Story,2000,2000,Gable,1196,298,SB,1652,2,0,2,6,0,2000,2,499,96,48,0,2007,251000
10147,1Fam,SLvl,1994,1994,Gable,186,206,SB,1694,2,1,3,7,1,1994,2,398,256,64,0,2007,160000
8637,1Fam,2Story,1999,2000,Gable,871,52,SB,1714,2,1,3,7,1,2000,2,451,256,48,0,2007,180000
7875,1Fam,2Story,1996,1996,Gable,414,277,SB,1553,2,1,3,6,0,1996,2,420,0,44,0,2007,178750
7875,1Fam,1Story,1995,1996,Gable,0,1237,SB,1253,2,0,3,6,1,1995,2,402,220,21,0,2007,176000
7500,1Fam,2Story,1999,2003,Gable,0,938,SB,2299,3,1,5,7,1,1999,2,482,188,30,0,2007,204000
9556,1Fam,1Story,1992,1993,Gable,0,1168,SB,1187,2,0,3,6,0,1992,2,420,0,21,0,2007,160000
10784,1Fam,SLvl,1991,1992,Gable,0,384,SB,1472,2,1,3,7,1,1991,2,402,164,0,0,2007,160000
9125,1Fam,SLvl,1992,1992,Gable,0,384,SB,1482,2,1,3,7,1,1992,2,392,100,25,0,2007,163900
7655,1Fam,2Story,1993,1994,Gable,0,903,SB,1642,2,1,3,7,1,1993,2,392,290,84,0,2007,168000
18160,1Fam,1Story,1964,1964,Gable,550,752,SB,1128,1,0,3,6,1,1964,2,480,0,108,0,2007,154204
3696,TwnhsE,1Story,1986,1986,Gable,0,1074,SB,1088,1,1,2,5,0,1987,2,461,0,74,0,2007,170000
5062,TwnhsE,2Story,1984,1984,Gable,828,180,SB,2090,2,0,3,6,1,1984,2,577,219,0,0,2007,207500
4740,TwnhsE,1Story,1988,1988,Gable,248,918,SB,1179,2,0,2,5,0,1988,2,480,0,108,0,2007,182000
5118,TwnhsE,1Story,1990,1990,Gable,926,386,SB,1321,1,0,1,4,1,1990,2,484,0,64,0,2007,212000
14157,1Fam,1Story,2005,2006,Hip,1249,673,SB,1922,2,0,3,8,1,2005,3,676,178,51,0,2007,377426
12328,1Fam,2Story,2005,2005,Hip,986,163,SB,2541,3,1,4,10,1,2005,3,729,120,32,0,2007,349265
41600,2fmCon,1Story,1969,1990,Gable,1047,53,SB,1424,1,1,3,7,0,1969,3,828,144,0,0,2007,155000
8035,TwnhsE,1Story,2006,2006,Gable,797,815,SB,1612,2,0,2,6,1,2006,2,556,0,164,0,2007,319900
8089,1Fam,1Story,2007,2007,Gable,945,474,SB,1419,2,0,2,7,1,2007,2,567,140,0,0,2007,392000
14082,1Fam,1Story,2006,2006,Hip,1558,662,SB,2234,1,1,1,7,1,2006,2,724,390,80,0,2007,441929
13870,1Fam,1Story,2006,2007,Hip,1152,590,SB,2042,2,0,3,8,1,2007,3,724,240,52,0,2007,455000
12546,1Fam,1Story,1981,1981,Gable,678,762,SB,1440,2,0,3,7,1,1981,2,467,0,0,0,2007,182900
10960,1Fam,1Story,1984,1984,Hip,256,1028,SB,1284,2,0,3,5,0,1984,2,480,0,0,0,2007,174000
12090,1Fam,SLvl,1984,2003,Hip,0,585,SB,1868,3,1,3,7,1,1984,2,477,268,112,0,2007,178000
12090,1Fam,2Story,1981,2003,Gable,321,404,SB,1479,2,1,3,6,1,1981,2,484,167,72,0,2007,176000
12299,1Fam,1Story,1978,1985,Gable,1328,201,SB,1664,2,0,3,7,1,1978,2,663,0,0,0,2007,213000
11339,1Fam,2Story,1979,1979,Hip,758,22,SB,1930,2,1,4,9,1,1979,2,481,192,72,0,2007,192000
11952,1Fam,2Story,1977,1977,Mansard,0,808,SB,1969,2,1,3,8,1,1977,2,534,0,0,0,2007,190000
12046,1Fam,2Story,1976,1976,Gable,156,692,SB,2030,2,1,4,8,1,1976,2,551,0,224,0,2007,195000
10395,1Fam,SLvl,1978,1978,Gable,605,427,SB,1032,2,0,3,6,1,1978,2,564,0,0,0,2007,148000
11850,1Fam,1Story,1984,1984,Gable,781,372,SB,1177,2,0,3,6,0,1984,2,495,204,103,0,2007,151500
11584,1Fam,SLvl,1979,1979,Hip,315,114,SB,1725,2,1,3,6,1,1979,2,550,0,88,0,2007,197000
10400,1Fam,1Story,1979,1999,Gable,903,356,SB,1353,2,0,2,5,1,1979,2,478,240,141,0,2007,192350
10793,1Fam,2Story,1969,1969,Mansard,493,0,SB,1620,2,1,4,7,0,1969,2,462,208,0,0,2007,152000
13001,1Fam,1Story,1971,1971,Hip,492,1012,SB,1220,2,0,2,6,1,1971,2,944,0,0,0,2007,170000
12243,1Fam,1Story,1971,1971,Gable,998,486,SB,1484,2,0,3,7,1,1971,2,487,224,0,0,2007,175000
11700,1Fam,2Story,1968,1968,Mansard,384,143,SB,1743,1,2,3,7,1,1968,2,539,224,0,0,2007,175000
12384,1Fam,2Story,1976,1976,Gable,0,793,SB,1935,2,1,3,7,1,1976,2,550,0,113,0,2007,197900
8991,1Fam,SLvl,1976,1976,Gable,624,0,SB,1324,2,0,3,5,1,1976,2,585,407,36,0,2007,174000
8000,1Fam,2Story,1974,1974,Gable,931,0,SB,1877,2,1,4,8,1,1974,2,488,0,96,0,2007,178900
10500,1Fam,SLvl,1971,2005,Gambrel,349,23,SB,1109,1,0,3,5,0,1971,1,288,35,0,0,2007,139000
10530,1Fam,1Story,1971,1971,Hip,282,664,SB,981,1,1,3,5,0,1979,2,576,0,312,0,2007,143250
7472,1Fam,2Story,1972,2004,Gable,626,99,SB,1479,1,1,4,7,0,1972,2,484,0,32,0,2007,184000
9457,1Fam,1Story,1970,1990,Gable,566,359,SB,1422,1,0,3,7,0,1988,2,576,252,0,0,2007,155000
7920,1Fam,1Story,1970,2002,Gable,81,214,SB,914,1,0,3,5,0,1970,1,368,120,0,0,2007,133000
9758,1Fam,1Story,1971,1971,Gable,412,251,SB,950,1,0,3,5,0,1981,1,280,0,0,0,2007,119500
8294,1Fam,1Story,1971,1971,Gable,0,858,SB,872,1,0,3,5,0,1974,4,480,0,0,0,2007,123000
7340,1Fam,1Story,1971,1971,Gable,322,536,SB,858,1,0,2,4,0,1979,1,684,0,0,0,2007,110000
17199,1Fam,1Story,1961,1961,Gable,314,600,SB,914,1,0,2,4,0,1961,1,270,140,0,0,2007,128000
9000,1Fam,1Story,1971,1971,Gable,616,248,SB,864,1,0,3,5,0,1974,2,528,0,0,0,2007,120500
4058,TwnhsE,SFoyer,1998,1998,Gable,584,0,SB,767,1,0,1,4,0,1998,1,367,120,40,0,2007,133000
4113,TwnhsE,1Story,2001,2001,Gable,0,1337,SB,1337,2,0,2,5,1,2001,2,511,136,68,0,2007,155000
10943,TwnhsE,1Story,1997,1998,Gable,930,475,SB,1337,2,0,2,5,1,1997,2,522,0,68,0,2007,177000
2205,Twnhs,2Story,1973,1973,Gable,312,213,SB,1092,1,1,3,6,0,1973,1,264,144,0,0,2007,113500
1890,Twnhs,2Story,1973,1973,Gable,356,316,SB,1218,1,1,3,7,0,1973,1,264,144,28,0,2007,113000
2058,Twnhs,2Story,1973,1973,Gable,0,672,SB,1218,1,1,4,7,0,1973,1,264,0,28,0,2007,113700
2016,TwnhsE,2Story,1970,1970,Gable,0,630,SB,1302,2,1,3,6,0,1970,2,440,0,0,0,2007,106000
1920,TwnhsE,2Story,1971,1971,Gable,471,294,SB,1365,1,1,2,6,0,1971,2,440,240,36,0,2007,122500
4928,TwnhsE,1Story,1976,1976,Gable,120,958,SB,958,2,0,2,5,1,1977,2,440,0,205,0,2007,128000
2308,TwnhsE,2Story,1976,1976,Gable,556,248,SB,1548,2,1,3,7,1,1976,2,440,48,0,0,2007,155000
2304,Twnhs,1Story,1978,1978,Gable,632,423,SB,1055,2,0,2,4,0,1978,1,319,108,32,0,2007,142500
7150,1Fam,1Story,1966,1966,Hip,725,263,SB,988,1,0,3,5,0,1974,1,360,0,0,0,2007,129250
12469,1Fam,1Story,2006,2007,Hip,1151,639,SB,1816,2,0,3,7,1,2007,3,730,186,36,0,2007,356000
11694,1Fam,1Story,2007,2007,Hip,48,1774,SB,1828,2,0,3,9,1,2007,3,774,0,108,0,2007,314813
12030,1Fam,1Story,2007,2007,Hip,0,1694,SB,1694,2,0,3,7,0,2007,3,818,168,228,0,2007,318000
11825,1Fam,1Story,2006,2007,Gable,0,1694,SB,1694,2,0,3,7,1,2006,3,856,0,112,0,2007,322400
12085,1Fam,1Story,2007,2007,Hip,1004,730,SB,1734,2,0,3,7,1,2007,3,928,0,0,0,2007,318000
14333,1Fam,1Story,2007,2007,Gable,1518,590,SB,2122,2,1,2,7,1,2007,3,938,130,142,0,2007,345474
14450,1Fam,1Story,2006,2007,Gable,0,2121,SB,2121,2,1,3,8,1,2007,3,732,124,98,0,2007,415298
13440,1Fam,2Story,2006,2007,Hip,0,1108,SB,2550,2,1,4,11,1,2006,3,670,120,39,0,2007,338931
15431,1Fam,1Story,2005,2006,Hip,1430,564,SB,2046,2,1,2,7,2,2005,3,878,188,65,0,2007,450000
14154,1Fam,2Story,2006,2006,Gable,0,1063,SB,2172,2,1,3,9,1,2006,3,947,192,62,0,2007,280000
14226,1Fam,1Story,2006,2006,Hip,0,1935,SB,1973,2,0,3,9,1,2006,3,895,315,45,0,2007,395000
13693,1Fam,2Story,2006,2006,Hip,0,2153,SB,2643,2,1,3,9,1,2006,3,694,414,84,0,2007,380000
11428,1Fam,1Story,2006,2006,Gable,0,1626,SB,1634,2,0,3,7,1,2006,3,866,0,44,0,2007,250000
14977,1Fam,1Story,2006,2007,Gable,1350,626,SB,1976,2,0,2,7,1,2006,3,908,250,63,0,2007,440000
13654,1Fam,2Story,2005,2006,Gable,0,1704,SB,2758,2,1,4,9,1,2005,3,814,282,55,0,2007,418000
16659,1Fam,2Story,2007,2008,Gable,0,1582,SB,2152,2,1,3,7,1,2007,2,728,0,368,0,2007,260116
9591,1Fam,2Story,2004,2005,Gable,0,1143,SB,2473,2,1,4,9,1,2004,3,852,192,151,0,2007,317000
9709,1Fam,2Story,2007,2007,Gable,778,140,SB,2100,2,1,3,8,2,2007,3,786,172,104,0,2007,319500
10562,1Fam,2Story,2007,2007,Gable,1288,294,SB,2161,1,1,3,8,1,2007,3,789,178,120,0,2007,325624
13615,1Fam,1Story,2006,2006,Hip,0,1802,SB,1802,2,1,3,7,1,2006,3,843,158,105,0,2007,372000
13069,1Fam,2Story,2004,2004,Gable,0,1706,SB,2956,2,1,5,11,1,2004,3,916,194,50,0,2007,342000
12099,1Fam,2Story,2004,2004,Gable,970,166,SB,2468,2,1,4,10,1,2004,3,872,184,154,0,2007,354000
14277,1Fam,2Story,2003,2003,Gable,938,379,SB,2385,2,1,3,7,1,2003,3,818,192,228,0,2007,350000
11999,1Fam,2Story,2003,2004,Hip,0,1181,SB,2374,2,1,4,10,1,2003,3,656,104,100,0,2007,285000
12568,1Fam,2Story,2007,2007,Hip,669,226,SB,1818,2,1,3,8,1,2007,3,774,196,104,0,2007,281500
9926,1Fam,1Story,2005,2006,Gable,1178,436,SB,1614,2,0,3,7,0,2005,3,878,100,38,0,2007,245700
9254,1Fam,1Story,2005,2005,Gable,119,1602,SB,1721,2,0,3,7,0,2005,2,554,168,27,0,2007,232698
10732,1Fam,2Story,2006,2007,Gable,0,1298,SB,1828,2,1,3,7,0,2006,3,876,0,40,0,2007,250000
7577,TwnhsE,1Story,2005,2006,Gable,20,1342,SB,1362,2,0,2,6,1,2005,2,460,192,28,0,2007,194700
3901,Twnhs,1Story,2005,2006,Gable,866,436,SB,1302,1,1,1,5,1,2005,2,631,110,50,0,2007,204000
3903,Twnhs,1Story,2005,2006,Gable,1030,272,SB,1302,1,1,1,5,1,2005,2,631,110,50,0,2007,2.00E+05
6289,TwnhsE,1Story,2005,2006,Gable,762,600,SB,1362,2,0,2,6,1,2005,2,460,192,28,0,2007,207000
4590,Twnhs,1Story,2006,2006,Gable,24,1530,SB,1554,2,0,2,6,1,2006,2,627,156,73,0,2007,209500
4590,Twnhs,1Story,2006,2006,Gable,24,1530,SB,1554,2,0,2,6,1,2006,2,627,156,73,0,2007,209500
6442,TwnhsE,1Story,2006,2006,Gable,24,1346,SB,1370,2,0,2,6,1,2006,2,484,120,49,0,2007,202500
7841,TwnhsE,1Story,2005,2005,Hip,848,729,SB,1577,2,0,2,6,1,2005,2,564,203,39,0,2007,280000
7313,TwnhsE,1Story,2005,2005,Hip,1153,408,SB,1561,2,0,2,6,1,2005,2,556,203,47,0,2007,277500
7820,TwnhsE,1Story,2007,2007,Hip,0,1869,SB,1869,2,0,2,6,1,2007,2,617,210,54,0,2007,318061
6240,TwnhsE,1Story,2006,2006,Hip,24,1300,SB,1324,2,0,2,6,1,2006,2,550,0,38,0,2007,221370
3242,TwnhsE,1Story,2003,2003,Gable,1000,405,SB,1405,2,0,2,6,1,2003,2,478,136,36,0,2007,2.00E+05
10237,1Fam,2Story,2005,2006,Gable,0,768,SB,1536,2,1,3,6,1,2005,2,400,100,38,0,2007,176000
10237,1Fam,2Story,2005,2007,Gable,0,783,SB,1484,2,1,3,8,1,2005,2,393,0,72,0,2007,178900
13204,1Fam,2Story,2006,2007,Gable,0,608,SB,1458,2,0,3,6,0,2007,2,454,100,33,0,2007,168165
8857,1Fam,2Story,2006,2006,Gable,0,738,SB,1495,2,1,3,7,1,2006,2,440,100,30,0,2007,171925
9729,1Fam,2Story,2006,2007,Gable,0,698,SB,1746,2,1,3,6,1,2007,3,350,0,34,0,2007,198444
12216,1Fam,1Story,2005,2005,Gable,918,408,SB,1326,2,0,3,6,0,2005,2,388,120,23,0,2007,203000
9018,1Fam,2Story,2007,2007,Hip,0,728,SB,1456,2,1,3,8,1,2007,2,400,100,24,0,2007,179540
8993,1Fam,1Story,2007,2007,Gable,0,1302,SB,1302,2,0,3,6,0,2007,2,436,0,22,0,2007,176485
8899,1Fam,1Story,2007,2007,Gable,24,1316,SB,1340,2,0,3,6,0,2007,2,396,100,30,0,2007,181134
8499,1Fam,2Story,2006,2007,Gable,0,616,SB,1412,2,1,3,6,1,2007,2,432,0,36,0,2007,156932
8229,1Fam,2Story,2007,2007,Gable,0,752,SB,1504,2,1,3,6,0,2007,2,440,100,32,0,2007,166000
7713,1Fam,2Story,2007,2007,Gable,0,728,SB,1456,2,1,3,7,0,2007,2,400,100,24,0,2007,177594
7697,1Fam,1Story,2007,2007,Gable,0,1246,SB,1258,2,0,3,6,0,2007,2,462,0,0,0,2007,173500
3922,TwnhsE,1Story,2006,2007,Gable,0,1258,SB,1258,2,0,2,6,1,2007,3,648,144,16,0,2007,172500
3922,TwnhsE,1Story,2006,2007,Gable,0,1258,SB,1402,0,2,2,7,1,2006,3,648,120,16,0,2007,194201
3621,TwnhsE,1Story,2003,2003,Hip,1084,322,SB,1589,2,0,2,7,1,2003,3,630,143,20,0,2007,226500
3710,1Fam,1Story,2007,2007,Gable,0,1266,SB,1266,2,0,2,6,1,2007,2,388,100,16,0,2007,185485
14572,1Fam,1Story,2004,2004,Hip,1300,230,SB,1530,2,0,3,7,1,2004,3,630,144,36,0,2007,259000
16219,1Fam,SLvl,2004,2005,Gable,779,56,SB,1119,2,0,2,5,0,2004,2,437,100,24,0,2007,188500
11084,1Fam,SLvl,2004,2004,Gable,192,192,SB,1374,2,1,3,8,1,2004,2,400,100,0,0,2007,175000
11796,1Fam,2Story,2004,2005,Gable,0,847,SB,1959,2,1,4,8,1,2004,2,434,100,48,0,2007,215000
10936,1Fam,1Story,2006,2006,Gable,0,1510,SB,1525,2,1,3,6,1,2006,2,534,100,18,0,2007,206580
8244,1Fam,2Story,2004,2004,Gable,0,840,SB,1720,2,1,3,7,1,2004,2,440,100,48,0,2007,183500
7875,1Fam,2Story,2003,2003,Gable,0,847,SB,1948,2,1,4,8,1,2003,2,434,0,48,0,2007,211000
8063,1Fam,2Story,2000,2000,Gable,0,924,SB,1690,2,1,3,7,1,2000,2,463,100,48,0,2007,181000
8740,1Fam,2Story,2002,2002,Gable,574,280,SB,1995,2,1,4,8,1,2002,2,435,264,48,0,2007,219500
7917,1Fam,2Story,1999,2000,Gable,0,953,SB,1647,2,1,3,7,1,1999,2,460,0,40,0,2007,175000
9967,1Fam,SLvl,2000,2000,Gable,0,384,SB,1430,2,1,3,8,1,2000,2,400,100,0,0,2007,170000
7750,1Fam,2Story,2003,2003,Gable,0,660,SB,1320,2,1,3,6,0,2003,2,400,0,48,0,2007,162000
9487,1Fam,2Story,2000,2000,Gable,520,395,SB,1690,2,1,3,7,1,2000,2,442,0,50,0,2007,187000
9649,1Fam,2Story,1999,2000,Gable,0,941,SB,1644,2,1,3,7,1,1999,2,460,460,42,0,2007,185000
12191,1Fam,2Story,1997,1998,Hip,1181,598,SB,2551,2,1,4,8,2,1998,3,925,76,61,0,2007,384500
11000,1Fam,2Story,2000,2000,Gable,0,969,SB,2285,2,1,4,8,1,2000,3,648,0,56,0,2007,248000
10557,1Fam,2Story,1998,1998,Gable,672,736,SB,3078,2,1,4,9,1,1998,3,806,108,87,0,2007,410000
11002,1Fam,2Story,1998,1999,Gable,1048,341,SB,2582,2,1,4,9,1,1998,3,758,286,60,0,2007,322500
10790,1Fam,2Story,1998,1998,Gable,0,1066,SB,2385,2,1,4,8,1,1998,3,600,120,38,0,2007,252000
9920,1Fam,2Story,1996,1997,Gable,862,255,SB,2013,2,1,3,8,1,1997,2,455,180,130,0,2007,269790
11787,1Fam,2Story,1996,1997,Gable,719,660,SB,2398,2,1,3,8,1,1996,3,834,239,60,0,2007,315750
9950,1Fam,2Story,1995,1995,Gable,565,638,SB,2520,2,1,4,9,1,1995,3,721,224,114,0,2007,290000
12257,1Fam,2Story,1995,1995,Gable,56,1198,SB,2531,2,1,4,9,1,1995,3,752,222,98,0,2007,290000
12692,1Fam,1Story,1992,1993,Hip,1231,1969,SB,3228,3,0,4,10,1,1992,2,546,264,75,0,2007,430000
11762,1Fam,2Story,1992,1993,Gable,335,770,SB,2202,2,1,4,9,1,1992,2,517,0,65,0,2007,263000
9044,1Fam,2Story,1996,1997,Gable,1225,100,SB,2538,2,1,4,8,1,1996,3,933,198,92,0,2007,330000
9910,1Fam,1Story,2007,2007,Gable,0,1369,SB,1369,2,0,3,5,0,2007,2,605,0,203,0,2007,213133
11830,1Fam,1Story,2007,2007,Gable,1220,322,SB,1542,2,0,3,6,1,2007,3,852,168,110,0,2007,260261
11670,1Fam,1Story,2006,2006,Hip,0,1905,SB,1905,2,0,3,8,1,2006,3,788,0,191,0,2007,320000
15256,1Fam,1Story,2007,2007,Gable,929,556,SB,1464,2,0,3,6,0,2007,3,754,168,160,0,2007,282922
10612,1Fam,1Story,2006,2006,Gable,28,1496,SB,1534,2,0,3,7,1,2006,2,484,168,46,0,2007,215000
12291,1Fam,1Story,2007,2007,Hip,1572,394,SB,1966,2,0,1,6,1,2007,3,1092,76,52,0,2007,419005
13501,1Fam,1Story,2006,2006,Gable,63,1560,SB,1636,2,0,3,8,1,2006,3,865,0,60,0,2007,255000
9986,1Fam,1Story,2006,2007,Gable,0,1795,SB,1795,2,0,2,7,1,2007,3,895,0,49,0,2007,147000
9416,1Fam,1Story,2007,2007,Hip,1126,600,SB,1726,2,0,3,8,1,2007,3,786,171,138,0,2007,311872
9849,1Fam,1Story,2007,2007,Hip,0,1689,SB,1689,2,0,3,7,0,2007,3,954,0,56,0,2007,248328
10000,1Fam,1Story,2006,2006,Hip,0,1588,SB,1588,2,0,3,7,1,2006,3,825,144,45,0,2007,227000
8847,1Fam,1Story,2005,2005,Gable,769,769,SB,1538,2,0,3,7,0,2005,2,484,146,40,0,2007,260000
9158,1Fam,1Story,2007,2007,Gable,0,1496,SB,1496,2,0,3,7,0,2007,2,474,168,130,0,2007,225000
8251,1Fam,1Story,2005,2006,Gable,778,716,SB,1506,2,0,3,7,1,2005,2,672,192,35,0,2007,249000
10084,1Fam,1Story,2004,2005,Gable,1369,317,SB,1694,2,0,3,7,1,2004,2,636,255,57,0,2007,307000
9605,1Fam,2Story,2006,2006,Gable,0,982,SB,1977,2,1,3,7,0,2006,3,574,240,53,0,2007,250000
8778,1Fam,2Story,2006,2006,Gable,0,1302,SB,1830,2,1,3,7,0,2006,3,859,0,40,0,2007,221300
8640,1Fam,1Story,2007,2007,Gable,24,1314,SB,1338,2,0,3,6,0,2007,2,598,0,141,0,2007,208900
9000,1Fam,1Story,2006,2007,Gable,0,1335,SB,1335,2,0,3,6,0,2007,2,575,0,210,0,2007,210400
8640,1Fam,2Story,2007,2007,Gable,350,546,SB,1792,2,1,3,8,0,2007,2,590,184,96,0,2007,255000
9000,1Fam,2Story,2006,2006,Gable,0,1088,SB,1959,2,1,3,8,1,2006,3,1025,208,46,0,2007,270000
9000,1Fam,2Story,2007,2007,Gable,64,1120,SB,2610,2,1,4,11,1,2007,2,550,208,364,0,2007,303477
11096,1Fam,1Story,2006,2006,Gable,24,1632,SB,1656,2,0,3,7,0,2006,3,826,0,146,0,2007,249700
10207,1Fam,2Story,2007,2007,Gable,0,874,SB,1761,3,0,3,7,0,2007,2,578,144,105,0,2007,227875
10440,1Fam,1Story,2007,2007,Gable,0,1574,SB,1584,2,0,2,6,1,2007,2,594,0,256,0,2007,261329
11824,1Fam,1Story,2006,2006,Gable,0,1685,SB,1685,2,0,2,5,1,2006,3,658,112,63,0,2007,253000
10625,1Fam,2Story,2004,2004,Gable,0,1158,SB,2443,2,1,4,9,1,2004,3,744,193,127,0,2007,265000
11143,1Fam,2Story,2004,2005,Gable,0,1580,SB,2466,3,0,4,8,1,2004,2,610,159,214,0,2007,340000
7500,1Fam,1Story,2006,2007,Gable,0,1100,SB,1100,1,1,3,6,0,0,0,0,0,136,0,2007,146000
7500,1Fam,1Story,2006,2006,Gable,0,1143,SB,1143,1,1,3,5,0,0,0,0,0,55,0,2007,147000
12450,1Fam,1Story,2003,2004,Gable,729,365,SB,1094,1,0,3,6,0,2004,2,576,0,0,0,2007,149000
7441,1Fam,1Story,2006,2006,Gable,0,1461,SB,1486,2,0,3,7,0,2006,2,566,0,32,0,2007,181000
8462,1Fam,2Story,1994,1994,Gable,814,114,SB,1721,2,1,3,7,0,1994,2,471,300,87,0,2007,201000
11613,1Fam,2Story,1993,1997,Gable,480,384,SB,1820,2,1,3,7,0,1993,2,492,144,85,0,2007,191750
8450,1Fam,1Story,2000,2001,Gable,0,1349,SB,1349,2,0,3,6,0,2000,2,539,120,55,0,2007,179000
16196,1Fam,1Story,1998,1998,Gable,1443,39,SB,1494,2,0,3,5,1,1998,2,514,402,25,0,2007,215000
8012,TwnhsE,1Story,1992,1992,Gable,430,1145,SB,1575,2,0,2,5,0,1992,2,529,0,0,0,2007,179200
8012,TwnhsE,2Story,1980,1980,Gable,0,630,SB,1266,1,1,2,5,2,1980,1,283,340,0,0,2007,128000
9180,1Fam,SFoyer,1983,1983,Gable,747,0,SB,884,1,0,2,5,0,1983,2,504,240,0,0,2007,144000
8400,Duplex,1Story,1977,1977,Gable,0,0,SB,2020,2,0,4,10,2,1977,2,630,0,0,0,2007,144000
6285,1Fam,1Story,1977,1977,Gable,138,405,SB,894,1,0,2,5,0,1979,1,308,192,0,0,2007,120750
8480,1Fam,1Story,1963,1963,Hip,630,340,SB,970,1,0,2,5,0,1996,2,624,0,24,0,2007,132500
7420,1Fam,1Story,1962,1962,Hip,417,640,SB,1057,1,0,3,6,0,1977,2,576,0,0,0,2007,132000
7758,1Fam,1Story,1962,2001,Gable,588,411,SB,999,1,0,3,6,0,1963,1,264,0,132,0,2007,132500
6970,1Fam,1Story,1961,1961,Gable,932,108,SB,1120,1,1,3,5,0,1961,2,544,168,0,0,2007,129000
13673,1Fam,1Story,1962,1962,Gable,0,1140,SB,1696,1,1,3,8,1,1962,1,349,0,30,0,2007,143900
7476,1Fam,1Story,1968,1968,Gable,812,228,SB,1040,1,1,3,5,0,1991,2,686,188,0,0,2007,145000
9945,1Fam,1Story,1961,1961,Hip,827,161,SB,988,1,0,3,5,0,1963,2,572,0,0,0,2007,128500
6173,1Fam,1Story,1967,1967,Gable,599,277,SB,902,1,0,3,6,0,1967,1,288,0,0,0,2007,125500
19522,1Fam,2Story,1990,1990,Gable,727,496,SB,2503,2,1,3,7,1,1990,2,564,0,99,0,2007,3.00E+05
17542,1Fam,2Story,1974,2003,Gable,125,36,SB,2167,2,1,3,9,2,1974,2,518,220,47,0,2007,294000
10751,1Fam,1Story,1974,1974,Gable,787,250,SB,1037,1,0,2,5,0,1974,2,431,136,47,0,2007,129000
16647,1Fam,SFoyer,1975,1981,Gable,1390,0,SB,1701,2,0,3,6,2,1975,2,611,0,0,0,2007,171000
12712,1Fam,1Story,1973,2006,Gable,968,76,SB,1055,1,0,2,5,1,1973,2,542,455,0,0,2007,147000
9572,1Fam,2Story,1990,1990,Gable,482,971,SB,2810,2,1,4,9,1,1990,2,750,500,0,0,2007,302000
10678,1Fam,1.5Fin,1992,2000,Hip,700,983,SB,2872,2,1,4,9,1,1992,2,541,0,33,0,2007,285000
4379,TwnhsE,1Story,2004,2004,Gable,851,527,SB,1378,2,0,2,6,1,2004,2,540,160,56,0,2007,214000
3523,TwnhsE,1Story,2006,2007,Gable,60,1081,SB,1151,2,0,2,5,0,2006,2,484,0,60,0,2007,166000
3784,TwnhsE,1Story,2006,2007,Gable,60,1451,SB,1565,2,0,2,5,0,2006,2,476,0,120,0,2007,193800
4230,TwnhsE,1Story,2006,2007,Gable,0,1352,SB,1352,2,0,2,5,1,2006,2,466,0,241,0,2007,208900
3606,TwnhsE,1Story,2006,2007,Gable,937,415,SB,1352,2,0,2,5,1,2006,2,466,0,241,0,2007,194000
4251,TwnhsE,2Story,2006,2007,Gable,0,625,SB,1250,2,1,2,5,0,2006,2,528,0,54,0,2007,164700
2280,Twnhs,2Story,1999,1999,Gable,565,179,SB,1501,2,1,3,6,1,1999,2,440,0,0,0,2007,176500
3230,TwnhsE,2Story,1999,1999,Gable,419,310,SB,1458,2,1,2,5,1,1999,2,440,0,32,0,2007,176000
2117,TwnhsE,2Story,2000,2000,Gable,420,336,SB,1512,2,1,2,4,1,2000,2,440,0,32,0,2007,168500
2117,Twnhs,2Story,2000,2000,Gable,417,339,SB,1573,2,1,3,4,0,2000,2,440,0,32,0,2007,177000
2117,Twnhs,2Story,2000,2000,Gable,436,320,SB,1525,2,1,3,5,1,2000,2,440,0,0,0,2007,177000
5105,TwnhsE,2Story,2004,2004,Gable,239,312,SB,1102,2,1,2,4,0,2004,2,480,0,60,0,2007,148800
2645,Twnhs,2Story,1999,2000,Gable,0,776,SB,1441,2,1,2,5,0,1999,2,492,206,0,0,2007,174000
7399,1Fam,2Story,1997,1998,Hip,649,326,SB,1950,2,1,3,7,1,1997,2,576,0,10,0,2007,239000
7321,1Fam,1Story,1999,2000,Gable,0,1339,SB,1358,2,0,3,5,0,1999,2,625,176,174,0,2007,204000
8010,1Fam,2Story,2003,2004,Hip,964,90,SB,2048,2,1,3,8,2,2003,2,552,0,48,0,2007,301000
8413,1Fam,2Story,1998,1998,Gable,901,319,SB,2362,2,1,3,8,2,1998,2,1105,147,0,0,2007,312500
9466,TwnhsE,1Story,1994,1995,Gable,457,0,SB,1494,1,1,1,5,1,1994,2,478,0,30,0,2007,279700
12000,1Fam,1Story,1980,1980,Hip,1732,270,SB,2362,2,1,3,8,1,1980,2,546,180,16,0,2007,255000
16157,1Fam,SLvl,1978,1978,Gable,680,289,SB,1432,1,1,2,5,1,1978,2,588,168,180,0,2007,194000
10768,1Fam,1Story,1976,2004,Gable,1157,280,SB,1437,2,0,3,6,1,1976,2,528,0,21,0,2007,218000
3840,TwnhsE,1Story,1978,1998,Gable,881,0,SB,1295,1,0,1,4,2,1978,2,571,133,89,0,2007,213750
9600,1Fam,SLvl,1976,1994,Hip,0,528,SB,1855,2,1,3,7,1,1976,2,512,113,100,0,2007,187000
9600,1Fam,1Story,1976,1976,Gable,978,284,SB,1262,2,0,3,6,1,1976,2,460,298,0,0,2007,181500
17778,1Fam,1Story,1981,1981,Hip,1632,0,SB,2497,2,0,2,7,2,1981,2,676,266,0,0,2007,373000
18890,Duplex,1.5Fin,1977,1977,Shed,498,652,SB,2620,2,2,4,12,1,1977,2,600,155,24,0,2007,190000
7050,1Fam,2Story,2001,2001,Gable,738,319,SB,1929,2,1,3,7,1,2001,2,650,0,235,0,2007,226000
11700,1Fam,1Story,1968,1968,Gable,0,912,SB,1152,1,1,3,7,0,1968,2,412,0,126,0,2007,143450
8000,1Fam,2Story,1970,1970,Gable,915,93,SB,2411,2,1,4,8,1,1970,2,570,0,192,0,2007,240050
8723,1Fam,SFoyer,1969,1969,Gable,973,0,SB,1082,1,0,3,6,0,1969,2,480,160,0,0,2007,162500
11700,1Fam,1Story,1968,1968,Gable,910,385,SB,1295,1,1,3,6,0,1968,2,528,0,194,0,2007,164000
11358,1Fam,1Story,1972,1987,Hip,346,778,SB,1610,2,0,3,8,1,1972,2,515,202,0,0,2007,185000
9547,1Fam,1Story,1993,1993,Gable,0,1594,SB,1594,2,0,2,6,1,1993,2,472,190,80,0,2007,188500
10530,1Fam,2Story,1993,1993,Gable,819,329,SB,2075,2,1,3,8,1,1993,2,473,235,86,0,2007,255000
11500,Duplex,1Story,1976,1976,Gable,0,1680,SB,1680,2,0,4,8,0,1976,2,528,0,0,0,2007,136905
10738,1Fam,1Story,1966,1966,Hip,792,301,SB,1093,2,0,3,6,1,1966,2,484,224,0,0,2007,158500
9600,1Fam,1Story,1973,1973,Hip,916,326,SB,1242,1,1,3,6,1,1973,2,528,0,0,0,2007,175500
10800,1Fam,1Story,1963,1963,Gable,617,171,SB,1052,1,0,3,6,0,1963,1,311,0,133,0,2007,127000
8050,1Fam,1Story,1967,1993,Gable,474,437,SB,1107,1,0,3,5,0,1967,1,308,88,64,0,2007,127000
10355,1Fam,1Story,1967,1967,Gable,695,519,SB,1214,2,0,3,5,1,1967,1,318,0,111,0,2007,143000
10289,1Fam,1Story,1965,1965,Hip,836,237,SB,1073,1,1,3,6,0,1965,2,515,0,0,0,2007,156000
9503,1Fam,1Story,1958,1983,Hip,457,193,SB,1344,1,0,2,6,1,1970,1,484,316,28,0,2007,144000
10624,Duplex,1Story,1964,1964,Gable,40,1424,SB,1728,2,0,6,10,0,2002,1,352,155,0,0,2007,119000
10899,Duplex,1Story,1964,1964,Gable,0,0,SB,1224,2,0,2,8,0,1964,3,530,0,0,0,2007,103000
12342,1Fam,1Story,1960,1978,Hip,0,978,SB,1422,1,0,3,6,1,1960,1,286,0,0,0,2007,139900
12772,1Fam,1Story,1960,1998,Hip,498,460,SB,958,1,0,2,5,0,1960,1,301,0,0,0,2007,151500
8892,1Fam,1Story,1960,1960,Gable,0,1065,SB,1065,1,1,3,6,0,1974,2,461,74,0,0,2007,126500
10482,1Fam,SLvl,1958,1958,Hip,507,81,SB,1138,1,0,3,6,0,1958,1,264,224,0,0,2007,145000
7535,1Fam,1Story,1958,1985,Gable,111,522,SB,912,1,0,2,5,0,1958,1,297,12,285,0,2007,120000
7450,1Fam,1Story,1956,1956,Hip,438,250,SB,1074,1,0,2,6,1,1966,2,396,0,72,0,2007,124000
8339,1Fam,1Story,1959,1959,Gable,0,0,SB,882,1,0,3,5,0,1959,1,294,0,0,0,2007,106500
14357,1Fam,1Story,1961,1961,Hip,311,386,SB,1187,1,0,2,6,1,1961,2,440,128,0,0,2007,140500
8243,1Fam,1Story,1961,1961,Gable,700,264,SB,964,1,0,3,5,1,1985,2,784,170,0,0,2007,137500
8680,1Fam,1Story,1960,1960,Hip,0,894,SB,894,1,0,3,5,0,1965,1,312,0,0,0,2007,117600
8800,1Fam,1Story,1966,1966,Hip,654,520,SB,1200,2,0,3,6,1,1966,2,440,0,0,0,2007,163500
9200,1Fam,SLvl,1965,1965,Gable,494,548,SB,1042,2,0,3,5,0,1965,2,440,192,0,0,2007,161000
9350,1Fam,SLvl,1964,1991,Hip,270,452,SB,1302,2,0,3,7,0,1964,1,309,333,0,0,2007,158000
8800,1Fam,2Story,1964,1997,Gable,414,431,SB,2154,2,1,5,8,1,1964,2,539,0,0,0,2007,224500
11382,1Fam,1Story,1964,1964,Gable,54,533,SB,1374,1,0,3,7,1,1964,1,286,0,28,0,2007,147000
22002,1Fam,1Story,1959,1991,Gable,1386,206,SB,1652,1,1,3,6,1,1959,2,510,0,0,0,2007,2.00E+05
14585,1Fam,1Story,1960,1987,Gable,594,331,SB,1429,1,0,3,7,2,1960,2,572,216,110,0,2007,181900
7388,1Fam,1Story,1959,2002,Gable,405,658,SB,1327,1,0,3,7,0,1974,2,624,0,0,0,2007,150750
9842,Duplex,1Story,1962,1962,Gable,0,0,SB,1224,2,0,2,6,0,1962,2,462,0,0,0,2007,101800
8280,1Fam,1Story,1950,1950,Gable,0,932,FA,932,1,0,2,4,1,1950,1,306,0,0,0,2007,124000
12172,1Fam,1.5Unf,1940,1996,Gable,130,433,SB,908,1,0,2,4,0,1975,2,512,284,24,0,2007,138500
5000,1Fam,1Story,1946,1950,Gable,299,367,SB,666,1,0,2,4,0,0,0,0,0,52,0,2007,64500
3500,1Fam,1.5Fin,1945,1950,Gable,144,226,FA,670,1,0,2,4,0,0,0,0,0,21,0,2007,64000
5175,1Fam,1Story,1958,2000,Gable,150,254,SB,808,1,0,2,5,0,1963,1,308,143,0,0,2007,112000
9500,1Fam,2Story,1964,1978,Gable,442,374,SB,1977,1,1,4,9,1,1964,2,540,0,52,0,2007,165000
9600,1Fam,1Story,1955,1955,Hip,368,710,SB,1150,1,0,2,6,0,1955,1,288,0,0,0,2007,144000
11345,Duplex,2Story,1948,1950,Gable,220,708,FA,1920,2,0,4,10,0,1948,2,400,0,0,0,2007,137000
9492,1Fam,1.5Fin,1941,1950,Gable,368,359,SB,1376,1,0,3,6,1,1941,1,240,0,0,0,2007,105000
9480,1Fam,2Story,1942,1995,Gable,386,342,SB,1644,1,1,3,7,2,1942,1,312,168,0,0,2007,146500
8668,Duplex,1Story,1968,1968,Gable,0,1560,SB,1560,2,0,4,8,0,1968,3,792,0,0,0,2007,126000
10050,1Fam,SFoyer,1966,1966,Gable,602,191,SB,1280,2,0,3,6,1,1966,2,432,140,40,0,2007,175000
9600,1Fam,SLvl,1961,1961,Hip,600,618,SB,1254,1,0,3,6,1,1961,2,525,0,0,0,2007,158500
10150,1Fam,1Story,1958,1958,Gable,456,456,FA,912,1,0,2,5,0,1958,1,275,0,0,0,2007,114500
11344,1Fam,1.5Fin,1958,1958,Gable,460,414,FA,1524,1,1,3,7,0,1958,1,315,0,0,0,2007,144000
18450,1Fam,2Story,1965,1979,Flat,187,111,SB,2380,2,1,3,7,1,1965,2,596,0,265,0,2007,129000
8760,1Fam,1Story,1957,1999,Gable,873,63,SB,936,1,0,2,4,0,1957,1,315,0,0,0,2007,141000
6860,1Fam,1Story,1956,1956,Gable,908,100,SB,1008,1,0,3,6,0,1964,1,308,0,0,0,2007,131000
8250,1Fam,1Story,1963,1963,Gable,288,765,SB,1053,1,0,3,6,0,1994,2,692,240,0,0,2007,142100
8176,1Fam,1Story,1958,1992,Gable,846,210,SB,1056,1,0,3,6,0,1958,1,308,0,0,0,2007,139000
9750,1Fam,1Story,1958,1958,Gable,608,834,SB,1442,1,1,4,7,0,1958,1,301,0,0,0,2007,157900
9250,1Fam,1Story,1954,2005,Gable,480,108,SB,1056,1,0,3,6,0,1954,1,260,390,0,0,2007,139400
11988,1Fam,1Story,1957,1957,Gable,777,467,FA,1244,1,1,3,6,2,1957,1,336,0,40,0,2007,150000
9100,1Fam,1Story,1960,1960,Hip,0,1144,SB,1144,1,0,3,6,1,1960,1,336,0,0,0,2007,120000
9736,1Fam,1Story,1957,1969,Gable,668,525,SB,1721,1,0,4,8,3,1957,2,464,0,0,0,2007,174850
9770,1Fam,1Story,1957,1957,Gable,512,410,FA,922,1,0,2,5,0,1957,1,308,0,34,0,2007,116000
10152,1Fam,1Story,1956,1956,Hip,586,462,SB,1048,1,0,3,6,0,1956,1,286,0,20,0,2007,135000
12155,1Fam,1Story,1970,1970,Gable,1237,420,SB,1657,2,0,3,7,1,1970,2,484,0,0,0,2007,163500
12198,1Fam,1Story,1955,1975,Gable,780,424,SB,1411,1,0,3,7,1,1955,1,310,278,82,0,2007,130000
10050,1Fam,1Story,1955,1955,Hip,288,928,SB,1216,1,0,3,5,0,1955,1,336,0,0,0,2007,129500
11556,1Fam,1Story,1953,2006,Gable,408,456,SB,1154,1,1,3,6,0,1962,1,336,63,0,0,2007,142000
8078,Duplex,1Story,1958,1958,Hip,0,1560,SB,1560,2,0,4,8,0,1958,2,484,0,0,0,2007,128600
10950,1Fam,1Story,1952,1952,Hip,441,507,SB,948,1,0,2,5,0,1952,2,410,0,48,0,2007,125000
7942,1Fam,1Story,1953,1953,Hip,85,0,FF,1040,1,0,3,6,0,1953,1,293,0,0,0,2007,136000
8923,1Fam,1Story,1953,2006,Gable,643,365,SB,1008,1,0,2,6,0,1953,1,240,0,18,0,2007,134500
8540,1Fam,1Story,1956,2003,Gable,114,120,SB,925,1,0,3,5,0,1956,1,252,152,0,0,2007,127000
7134,1Fam,SLvl,1955,1955,Gable,384,0,SB,1360,1,0,3,6,1,1962,2,572,0,50,0,2007,130000
7150,1Fam,1.5Fin,1955,1955,Gable,150,1040,SB,1540,1,0,4,7,0,2002,1,352,0,0,0,2007,115000
8400,1Fam,1Story,1955,1955,Gable,793,130,SB,925,1,0,3,5,2,1955,1,390,81,0,0,2007,116900
13300,1Fam,1Story,1956,2000,Hip,377,551,SB,928,1,0,2,4,0,1956,1,252,261,0,0,2007,132000
9532,1Fam,1Story,1953,1953,Gable,595,156,SB,1647,1,0,3,6,1,1953,1,280,225,0,368,2007,153000
15783,1Fam,1Story,1952,1952,Gable,292,632,SB,924,1,0,2,6,0,1952,1,420,0,324,0,2007,112500
14190,1Fam,1.5Fin,1890,2006,Gable,0,925,SB,1544,2,0,3,7,0,0,0,0,231,0,0,2007,138000
9600,1Fam,1.5Unf,1949,2003,Gable,220,625,SB,893,1,0,2,4,0,1985,2,576,0,0,0,2007,135000
12099,1Fam,1.5Fin,1953,2004,Gable,198,1018,SB,1728,1,0,3,7,1,1953,1,371,200,0,0,2007,156000
21281,1Fam,2Story,1935,2007,Gable,0,666,SB,3086,3,1,4,9,0,2007,3,1200,0,208,0,2007,301600
10134,1Fam,1.5Fin,1940,1950,Gable,0,735,FA,1034,1,0,2,5,0,1940,1,240,0,39,0,2007,109000
5500,1Fam,1.5Unf,1956,1956,Gable,0,882,SB,882,1,0,1,4,0,0,0,0,0,0,0,2007,103200
10284,1Fam,1.5Fin,1925,1993,Gable,1030,55,SB,1281,2,0,1,6,0,1978,2,580,0,0,0,2007,128500
10800,1Fam,1Story,1927,2007,Gable,0,656,SB,968,2,0,4,5,0,1928,1,216,0,0,0,2007,64500
10800,1Fam,2Story,1895,1999,Gable,0,736,SB,1534,1,1,3,6,0,0,0,0,0,112,0,2007,148000
5400,1Fam,1Story,1920,1950,Gable,0,691,FA,691,1,0,2,4,0,1920,1,216,0,20,0,2007,86000
10090,1Fam,SLvl,1963,1999,Gable,242,0,SB,1651,2,0,4,6,2,1963,1,276,460,46,0,2007,172000
8700,1Fam,1Story,1961,1961,Gable,192,728,SB,888,1,0,3,5,0,1961,1,240,0,0,0,2007,120000
8300,1Fam,1Story,1968,1968,Gable,952,0,SB,952,1,0,3,5,0,1968,1,288,0,0,0,2007,128500
11606,1Fam,2Story,1969,1969,Gable,650,390,SB,2080,1,2,5,9,2,1969,2,504,335,0,0,2007,135000
8064,1Fam,1.5Fin,1949,2006,Gable,0,672,SB,924,1,0,3,6,1,2003,2,576,0,0,0,2007,122900
11664,1Fam,1Story,1948,1950,Gable,336,746,SB,1082,1,0,2,5,1,1948,1,240,0,130,0,2007,119200
10496,1Fam,1.5Fin,1949,1950,Gable,196,844,SB,1846,2,0,3,7,1,1949,1,315,0,0,0,2007,143000
7200,1Fam,1Story,1950,1950,Gable,534,246,SB,988,1,0,3,6,0,1950,1,276,0,80,0,2007,119000
7200,1Fam,1Story,1950,1950,Gable,432,432,FA,1238,1,1,3,6,1,1950,1,357,0,171,0,2007,102000
7200,1Fam,1Story,1950,2002,Gable,398,317,SB,864,1,0,3,5,0,1980,2,720,194,0,0,2007,129000
7000,1Fam,1Story,1960,2002,Gable,588,422,SB,1134,1,0,2,6,0,1960,1,254,0,16,0,2007,135000
7500,1Fam,1Story,1959,2003,Hip,574,466,SB,1040,1,0,3,6,0,1959,1,286,0,0,0,2007,152000
7315,1Fam,1Story,1958,1958,Hip,625,545,SB,1170,1,0,3,6,1,1958,1,338,0,0,0,2007,140000
7903,1Fam,1Story,1960,1960,Hip,739,503,FA,1242,1,1,3,6,0,1960,1,324,0,0,0,2007,152000
8000,1Fam,1Story,1960,1960,Hip,1098,125,SB,1377,1,0,3,6,2,1965,1,351,0,0,0,2007,156500
8000,Duplex,1Story,1961,1961,Gable,0,1800,SB,1800,2,0,6,10,0,0,0,0,0,0,0,2007,141000
7000,1Fam,1Story,1961,1961,Gable,0,0,SB,925,1,0,3,7,0,1961,1,300,0,0,0,2007,99000
9760,1Fam,2Story,1964,1993,Hip,536,169,SB,1851,2,1,3,7,1,1964,2,440,239,42,0,2007,187000
7590,1Fam,2Story,1962,1962,Gable,540,324,SB,1812,2,0,4,8,1,1962,1,264,0,168,0,2007,169500
6600,1Fam,1Story,1962,1962,Hip,110,312,SB,864,1,0,2,5,0,1962,1,294,58,0,0,2007,125500
6760,1Fam,SFoyer,1962,1962,Gable,734,162,SB,936,1,0,3,6,1,1962,1,288,24,90,0,2007,130000
6978,1Fam,1Story,1926,1980,Gable,0,850,SB,960,1,0,2,5,0,1981,2,576,0,0,0,2007,103000
9600,1Fam,2Story,1910,2002,Gable,0,264,SB,1432,2,0,2,7,0,1910,2,360,270,0,0,2007,132000
6000,1Fam,1.5Fin,1927,1950,Gable,276,569,SB,1296,1,0,3,6,0,1980,2,576,0,0,0,2007,127500
4480,1Fam,1Story,1922,1950,Gable,782,240,FF,1022,1,0,2,4,1,1922,1,184,0,122,0,2007,89500
7200,Duplex,SFoyer,1980,1980,Gable,936,0,SB,936,1,0,2,4,0,1980,2,672,49,0,0,2007,140000
3153,1Fam,1Story,1920,1990,Gable,0,967,SB,967,1,0,2,5,1,1920,1,180,0,0,0,2007,99900
10800,1Fam,1Story,1885,1995,Mansard,0,641,SB,1047,1,0,2,6,0,1954,1,273,0,0,0,2007,1.00E+05
7200,1Fam,1Story,1940,1950,Gable,0,808,SB,1072,1,0,2,5,2,1940,2,379,0,0,0,2007,130000
9000,1Fam,1.5Fin,1900,2006,Gable,130,550,SB,1174,1,0,2,6,1,2000,2,576,116,26,0,2007,135000
6000,1Fam,1.5Fin,1948,2002,Gable,331,318,SB,1183,1,1,2,6,0,1981,1,308,0,176,0,2007,120000
5925,1Fam,1Story,1937,2000,Hip,168,739,SB,1131,1,0,2,7,0,1995,2,672,0,72,0,2007,89471
5925,1Fam,1.5Fin,1900,1950,Gable,122,0,SB,1141,1,0,3,6,0,1930,1,252,0,0,0,2007,85000
6000,1Fam,1Story,1920,1950,Hip,250,710,FA,960,1,0,2,5,0,1997,1,308,0,0,0,2007,108500
9639,1Fam,2Story,1900,1950,Gable,0,1075,SB,1798,2,1,4,7,0,1935,2,342,0,0,0,2007,137000
3880,1Fam,1Story,1945,1997,Gable,329,357,SB,866,1,0,2,4,0,0,0,0,58,42,0,2007,110500
8520,1Fam,1Story,1923,2006,Gable,0,968,SB,968,1,0,2,5,0,1935,2,480,0,0,0,2007,1.00E+05
10337,1Fam,2Story,1910,1999,Hip,0,725,SB,1772,2,1,3,7,0,1992,2,816,0,0,0,2007,184900
9863,1Fam,2Story,1927,1950,Gambrel,196,322,SB,1642,1,1,4,9,1,1927,1,374,0,0,0,2007,145000
9600,1Fam,1.5Fin,1925,1994,Gambrel,0,702,SB,1472,1,0,3,6,0,1925,1,250,0,0,0,2007,125000
4571,1Fam,2Story,1910,1950,Gable,168,448,SB,1232,1,0,3,6,0,1920,2,480,280,0,0,2007,114000
13600,2fmCon,2Story,1900,1950,Gable,0,662,SB,2337,2,0,5,10,0,1945,2,560,0,57,0,2007,90000
8398,1Fam,1.5Fin,1910,1990,Gable,259,667,SB,1650,2,0,3,6,0,1979,2,468,128,103,0,2007,144100
9900,1Fam,2Story,1880,1950,Gable,0,1008,SB,2210,2,0,5,8,0,1930,1,205,0,48,0,2007,117500
3600,1Fam,2Story,1930,2005,Gambrel,316,371,SB,1358,1,1,3,6,1,2004,1,336,0,32,0,2007,124500
13500,1Fam,2.5Unf,1879,1987,Gable,0,819,FA,2454,2,0,3,8,1,1950,2,576,0,148,0,2007,185000
7200,2fmCon,2.5Unf,1910,1998,Hip,1046,168,SB,2291,2,0,4,9,1,1900,2,506,0,0,0,2007,133900
5400,1Fam,1Story,1926,2004,Gable,370,779,FA,1616,2,0,3,5,0,1926,1,216,0,0,0,2007,152000
8100,1Fam,1Story,1948,1973,Gable,338,1221,SB,1559,1,0,2,5,0,1948,2,812,0,116,0,2007,153500
10800,1Fam,2Story,1890,1998,Gable,0,718,SB,2554,1,1,3,8,0,1996,2,704,0,48,0,2007,159500
9439,1Fam,1.5Fin,1930,1950,Gable,324,588,FA,1248,1,0,2,6,0,1957,1,160,0,0,0,2007,87000
8626,1Fam,1Story,1956,1956,Gable,0,0,SB,968,1,0,2,5,0,1956,1,331,0,0,0,2007,104500
11800,1Fam,SLvl,1949,2002,Gable,0,0,SB,1382,2,0,1,6,1,1957,1,384,0,40,0,2007,110000
6854,1Fam,1Story,1925,1994,Gable,317,212,FA,1060,1,0,1,6,1,1969,1,308,0,65,0,2007,136500
8674,1Fam,1.5Fin,1950,1950,Gable,910,0,SB,1435,1,0,3,6,0,1950,1,308,0,33,0,2007,128250
8731,1Fam,1Story,1920,1950,Gable,645,270,SB,1167,1,0,3,6,1,1972,2,495,0,0,0,2007,144000
8737,1Fam,1.5Fin,1923,1950,Gable,300,765,FA,1635,1,1,3,6,1,1950,2,440,0,38,0,2007,210000
6125,1Fam,1.5Fin,1939,1998,Gable,306,422,SB,1274,2,0,3,6,0,1939,1,224,0,0,0,2007,135000
6000,1Fam,2Story,1939,1950,Gable,276,324,SB,1232,1,1,3,6,2,1939,1,217,0,0,0,2007,128000
6000,1Fam,1.5Fin,1941,1950,Gable,375,360,SB,1218,1,0,3,6,1,2003,2,440,0,0,0,2007,131000
6120,1Fam,1.5Unf,1939,1950,Gable,0,884,SB,884,1,0,2,5,0,1939,1,240,0,0,0,2007,113000
6240,1Fam,1.5Fin,1938,1950,Gable,52,809,SB,1409,1,1,3,6,1,1968,2,528,225,0,0,2007,126000
6240,1Fam,1.5Fin,1939,1952,Gable,48,624,SB,1322,1,0,4,7,0,1939,1,280,0,0,0,2007,132000
6240,1Fam,1.5Fin,1930,1992,Gable,0,966,SB,1426,1,0,3,6,1,1930,1,230,174,0,0,2007,131750
6120,1Fam,1.5Fin,1926,1950,Gable,351,405,FA,1281,1,0,2,6,0,1926,2,379,25,0,0,2007,132500
6120,1Fam,2Story,1920,2004,Gable,0,939,SB,1513,1,1,4,8,0,1933,1,180,24,0,0,2007,137500
6120,1Fam,1.5Unf,1929,2001,Gable,0,832,FA,854,1,0,2,5,0,1991,2,576,48,112,0,2007,132000
6240,1Fam,1.5Fin,1931,1950,Gable,425,459,FA,1367,1,0,3,6,1,1978,1,560,0,0,0,2007,127500
6180,1Fam,1Story,1926,1950,Gable,0,960,SB,986,1,0,2,5,1,1926,1,180,0,128,0,2007,102000
7755,1Fam,2Story,1918,1995,Gable,0,1100,FA,2264,2,1,4,8,0,1950,1,408,0,152,0,2007,2.00E+05
13515,1Fam,2Story,1919,1950,Gambrel,0,764,FA,1824,1,0,3,8,1,1940,2,520,0,0,0,2007,180500
8850,1Fam,1.5Fin,1920,1950,Gable,0,768,SB,1376,1,0,3,7,0,1977,2,576,0,54,0,2007,165000
8550,1Fam,1.5Fin,1926,1950,Gable,0,750,SB,1316,1,0,4,7,0,1965,2,576,0,0,0,2007,90000
8730,1Fam,2Story,1915,2003,Gable,0,698,FA,1396,1,0,3,7,0,2003,1,384,0,0,0,2007,153575
5700,1Fam,2Story,1929,1990,Gable,336,336,FA,1344,1,1,3,6,1,1979,2,456,0,0,0,2007,140000
8520,1Fam,1.5Fin,1916,1950,Gable,168,0,SB,2526,2,0,5,10,1,1916,1,216,88,15,0,2007,136000
5680,1Fam,1.5Fin,1901,1950,Gable,0,592,FA,1173,2,0,3,7,0,1920,1,240,0,25,0,2007,113000
5680,1Fam,1.5Fin,1901,1950,Gable,0,969,FA,1214,1,0,2,6,0,1920,1,216,0,0,0,2007,117000
7758,1Fam,1.5Fin,1931,1950,Gable,224,816,FF,1818,1,1,4,7,2,1951,1,240,0,0,0,2007,169500
7449,1Fam,1.5Unf,1930,1950,Gable,0,637,FF,1108,1,0,3,6,1,1930,1,280,0,0,0,2007,139400
13200,1Fam,SLvl,1963,1963,Gable,375,366,SB,2294,3,0,5,9,1,1963,2,658,0,110,0,2007,202500
6882,1Fam,2Story,1914,2006,Gable,0,684,SB,1355,1,1,3,7,0,0,0,0,136,0,0,2007,127000
9000,1Fam,1.5Fin,1937,1950,Gable,0,780,SB,1375,1,1,3,6,1,1979,1,544,0,162,0,2007,141000
9780,1Fam,2Story,1950,2005,Gable,354,224,SB,1952,1,1,4,8,2,1950,1,299,285,0,0,2007,212300
10320,1Fam,1.5Fin,1915,1950,Gable,375,763,SB,2180,1,1,3,7,1,2006,2,720,0,0,0,2007,161000
4330,2fmCon,1.5Fin,1958,1958,Gable,681,0,SB,1315,2,0,3,5,0,1958,2,436,0,0,0,2007,99500
7200,1Fam,2.5Unf,1920,1996,Gable,0,530,SB,1111,1,0,3,6,0,1935,1,288,0,0,0,2007,101000
4800,1Fam,1Story,1916,1990,Gable,197,999,FA,1196,1,0,2,5,0,1957,2,440,0,0,0,2007,109900
12358,1Fam,1.5Fin,1941,1950,Gable,360,360,SB,1382,1,1,2,7,0,1991,2,660,237,0,0,2007,128500
10120,2fmCon,2.5Unf,1910,1950,Hip,0,925,FF,1889,1,1,4,9,1,1960,1,308,0,0,0,2007,122000
4388,1Fam,1.5Unf,1930,1950,Gable,116,556,SB,840,1,0,3,5,1,0,0,0,0,0,0,2007,87000
12888,1Fam,2Story,1937,1980,Gable,288,717,SB,2267,1,1,3,7,2,1937,2,498,521,0,0,2007,219000
18030,1Fam,1.5Fin,1946,1994,Gable,152,977,SB,3086,3,0,3,12,1,0,0,0,122,0,0,2007,200500
8160,1Fam,1.5Fin,1940,1950,Gable,312,444,FF,1134,1,1,3,7,0,1940,1,240,0,0,0,2007,126000
4484,2fmCon,1.5Fin,1942,1979,Gable,485,187,SB,1282,1,0,2,4,0,1942,1,240,0,88,0,2007,108500
11235,2fmCon,SFoyer,1963,1963,Gable,925,0,SB,999,1,0,3,6,0,1963,1,308,40,176,0,2007,130000
11235,1Fam,SFoyer,1964,1980,Gable,785,635,SB,1452,1,0,2,6,1,1964,2,572,92,0,0,2007,158450
14299,1Fam,1Story,1964,1964,Gable,513,348,SB,1005,1,0,3,5,0,1964,2,440,0,0,0,2007,115400
7943,1Fam,1Story,1961,1961,Gable,903,126,SB,1029,1,0,3,5,0,1961,1,261,64,0,0,2007,118500
14149,1Fam,SLvl,1964,2001,Hip,68,190,SB,1020,2,0,3,5,1,1970,2,528,0,0,0,2007,165000
11677,1Fam,1Story,1966,1966,Gable,249,30,SB,1040,1,0,3,6,0,1966,1,264,0,90,0,2007,123000
8400,1Fam,SFoyer,1966,1966,Gable,187,0,SB,913,1,0,3,6,0,1990,1,240,0,0,0,2007,129000
7094,1Fam,1Story,1966,1966,Gable,180,340,SB,894,1,0,3,5,0,1966,1,384,0,0,0,2007,125000
8978,1Fam,1Story,1968,1968,Gable,0,948,SB,948,1,0,3,6,0,1968,1,300,147,0,0,2007,108000
8425,2fmCon,1Story,1971,1990,Gable,748,20,SB,868,1,0,2,6,0,1989,2,576,138,0,0,2007,119900
8665,1Fam,1Story,1968,1968,Gable,168,420,SB,897,1,0,3,5,0,1968,1,264,0,0,0,2007,115000
8398,1Fam,1Story,1967,1967,Gable,114,300,SB,943,1,0,2,5,0,1972,2,528,132,0,0,2007,134500
7742,1Fam,1Story,1966,1966,Gable,763,192,SB,955,1,0,3,6,0,1966,1,386,0,0,0,2007,127000
8724,1Fam,1Story,1968,1968,Gable,492,402,SB,894,1,0,3,5,1,1968,2,450,0,0,0,2007,129000
8197,1Fam,1Story,1977,1977,Gable,0,660,SB,1285,1,1,3,7,1,1977,2,528,138,0,0,2007,143500
8169,1Fam,1Story,1966,1966,Gable,216,261,SB,912,1,0,3,6,0,1966,1,315,204,0,0,2007,129000
14175,1Fam,1Story,1956,1998,Hip,386,332,SB,1375,1,0,3,6,1,1956,1,323,0,0,0,2007,187000
16779,1Fam,2Story,1920,1996,Gable,267,404,SB,2654,3,0,4,11,1,1946,2,638,128,570,0,2007,158000
25339,1Fam,1Story,1918,2007,Gable,0,816,SB,1416,2,0,3,7,0,2007,2,576,0,0,0,2007,112000
6960,1Fam,1.5Fin,1940,1998,Gable,258,422,FA,1302,1,1,2,6,2,1940,1,224,0,0,0,2007,165250
11375,1Fam,1Story,1954,1995,Gable,736,231,SB,1299,1,0,3,6,1,1954,2,494,81,0,0,2007,150000
13770,1Fam,1Story,1958,1998,Gable,190,95,SB,1176,1,0,3,6,2,1958,1,303,0,0,0,2007,137000
9000,1Fam,1Story,1945,1950,Gable,0,0,FA,998,1,0,3,5,0,1952,2,460,0,0,0,2007,89500
115149,1Fam,1Story,1971,2002,Gable,1219,424,SB,1824,2,0,2,5,2,1971,2,739,380,48,0,2007,302000
11075,1Fam,1Story,1984,1984,Hip,299,0,SB,1522,2,0,3,7,1,1984,2,552,0,77,0,2007,182000
10029,1Fam,2Story,1988,1989,Gable,831,320,SB,2060,2,1,4,8,1,1988,2,521,0,228,0,2007,211000
17541,1Fam,1Story,1948,2005,Hip,300,109,SB,1325,2,0,3,6,1,1996,2,576,0,42,0,2007,216000
22692,1Fam,1Story,1953,1953,Gable,587,486,SB,1630,2,0,3,6,1,1953,2,649,0,64,0,2007,130000
17808,1Fam,1Story,1946,1950,Gable,0,484,SB,1242,1,0,2,4,0,1946,1,336,0,0,0,2007,109900
12671,1Fam,1Story,1954,1994,Hip,353,935,SB,2422,3,0,4,6,2,1954,2,527,0,63,0,2007,255000
12615,1Fam,1Story,1950,2001,Gable,477,725,SB,2158,2,0,4,7,1,1950,2,576,0,29,0,2007,243000
10512,1Fam,1.5Fin,1954,1954,Gable,491,497,SB,1626,1,1,3,6,0,1954,1,332,366,0,0,2007,154000
5400,1Fam,1Story,1958,1958,Gable,453,411,SB,864,1,0,3,6,0,1958,1,399,0,0,0,2007,118000
11515,1Fam,1Story,1958,1994,Gable,0,0,SB,943,1,0,3,5,0,1958,1,308,0,0,0,2007,80000
7711,Duplex,1Story,1977,1977,Gable,1440,0,SB,1440,2,0,4,8,0,0,0,0,321,0,0,2007,150000
9098,1Fam,1Story,1920,2002,Gable,348,180,SB,605,1,0,2,5,0,0,0,0,0,0,0,2007,86000
3869,TwnhsE,1Story,1984,1984,Gable,283,0,SB,1038,2,0,2,5,0,1984,1,264,0,105,0,2007,130000
9280,1Fam,1Story,1951,1951,Gable,557,785,SB,1342,1,0,4,7,0,1951,1,256,0,0,0,2007,125000
11100,1Fam,1.5Fin,1951,1994,Gable,1080,0,SB,1480,1,0,4,7,1,1951,1,253,0,0,0,2007,136500
7550,1Fam,1.5Fin,1920,1950,Gambrel,0,951,SB,1362,2,0,4,7,0,1920,1,280,0,0,0,2007,96000
9060,1Fam,1Story,1957,2006,Hip,0,0,SB,1340,1,0,3,7,1,1957,1,252,116,0,0,2007,120000
23920,1Fam,1.5Fin,1984,1984,Gable,0,1105,SB,1822,2,0,4,7,1,1984,2,515,0,195,444,2007,228500
10357,1Fam,1Story,1990,1991,Hip,738,172,SB,1442,2,0,3,6,1,1990,2,719,0,244,0,2007,179900
13474,1Fam,2Story,1990,1991,Gable,700,0,SB,2243,2,1,4,8,1,1990,3,746,127,44,0,2007,225000
10380,1Fam,2Story,1986,1987,Gable,28,0,SB,2730,2,1,4,8,1,1987,2,576,201,96,0,2007,301000
13125,1Fam,2Story,1991,1991,Gable,48,422,SB,2127,2,1,4,8,1,1991,3,833,72,192,0,2007,238000
11287,1Fam,2Story,1989,1989,Gable,421,386,SB,1982,2,1,3,7,1,1989,2,575,0,84,0,2007,228500
9317,1Fam,2Story,1994,2001,Gable,497,282,SB,1958,2,1,3,7,1,1994,2,499,202,93,0,2007,220000
9965,1Fam,2Story,2007,2007,Gable,984,280,SB,2696,2,1,4,10,1,2007,3,792,120,184,0,2007,383970
9965,1Fam,2Story,2006,2007,Hip,1150,316,SB,2828,3,0,4,11,1,2006,3,1052,125,144,0,2007,424870
9178,1Fam,1Story,2007,2007,Gable,0,1643,SB,1651,2,0,3,7,1,2007,3,870,204,64,0,2007,250000
10481,1Fam,1Story,2006,2007,Hip,0,2140,SB,2140,2,1,3,8,0,2006,3,894,136,32,0,2007,360000
10652,1Fam,1Story,2006,2007,Gable,0,1494,SB,1494,2,0,3,7,1,2006,3,840,160,33,0,2007,279500
11175,1Fam,1Story,2007,2007,Gable,0,1316,SB,1316,2,0,3,6,1,2007,2,440,0,20,0,2007,200141
10235,1Fam,1Story,2007,2007,Gable,0,1643,SB,1651,2,0,3,7,1,2007,3,870,192,64,0,2007,246500
9588,1Fam,2Story,2007,2007,Gable,0,1482,SB,2574,2,1,3,10,1,2007,3,868,0,148,0,2007,276000
8814,1Fam,1Story,2005,2007,Gable,925,349,SB,1274,2,0,3,6,0,2005,2,508,264,98,0,2007,203000
11103,1Fam,2Story,2006,2006,Gable,0,728,SB,1456,2,1,3,8,1,2006,2,440,0,0,0,2007,155835
8556,1Fam,1Story,2006,2006,Gable,0,1240,SB,1240,2,0,2,5,0,2006,3,826,140,93,0,2007,194000
6762,1Fam,1Story,2007,2007,Gable,664,544,SB,1208,2,0,2,6,0,2007,2,628,105,54,0,2007,195400
11750,1Fam,1Story,2005,2006,Gable,20,1526,SB,1546,2,0,3,7,0,2005,3,796,144,42,0,2007,217000
8760,1Fam,1Story,2006,2006,Gable,36,1453,SB,1500,2,0,3,7,1,2005,2,674,144,38,0,2007,212999
7242,1Fam,1Story,2005,2006,Gable,0,1270,SB,1270,2,0,2,6,0,2005,2,524,0,96,0,2007,175900
9316,1Fam,2Story,2005,2006,Gable,0,879,SB,1795,2,1,3,7,0,2005,2,578,164,111,0,2007,191000
9317,1Fam,1Story,2006,2006,Gable,24,1290,SB,1314,2,0,3,6,1,2006,2,440,0,22,0,2007,176432
14364,1Fam,2Story,1988,1989,Gable,1065,92,SB,2062,2,1,3,7,1,1988,2,454,60,55,0,2007,277000
8883,1Fam,2Story,1988,1988,Gable,608,0,SB,1873,2,1,3,7,1,1988,2,619,108,48,0,2007,207000
159000,1Fam,1.5Fin,1958,2006,Gable,697,747,SB,2144,2,0,4,7,2,1958,2,389,0,98,0,2007,277000
53107,1Fam,2Story,1992,1992,Gable,985,595,SB,1953,2,1,3,9,2,1992,2,501,216,231,0,2007,240000
12205,1Fam,2Story,1966,2007,Gable,568,264,SB,2087,2,1,5,9,0,1966,2,444,133,168,0,2007,187500
20064,1Fam,1Story,1976,1976,Shed,51,0,SB,1743,0,1,0,5,2,1976,2,529,646,0,0,2007,279000
14217,1Fam,1Story,1994,1994,Gable,550,472,SB,1022,1,0,3,6,0,1995,2,747,0,0,0,2007,139500
8775,1Fam,1Story,1994,1994,Gable,495,495,SB,990,1,0,3,5,0,1996,1,299,0,64,0,2007,126000
11249,1Fam,1Story,1995,1995,Gable,334,322,SB,1200,2,0,3,6,0,1995,2,521,0,26,0,2007,177500
10021,1Fam,2Story,1997,2006,Gable,539,96,SB,1308,2,1,3,6,0,1997,2,497,142,54,0,2007,175000
9531,1Fam,2Story,1998,1998,Gable,706,88,SB,1796,2,1,3,7,0,1998,2,546,0,36,0,2007,211000
8428,1Fam,1Story,1994,1994,Gable,420,570,SB,990,1,0,3,5,0,1995,1,384,256,0,0,2007,146000
16561,1Fam,1Story,1996,1996,Gable,549,548,SB,1097,1,1,3,6,0,1996,1,242,306,0,0,2007,147900
8070,1Fam,1Story,1994,1995,Gable,588,402,SB,990,1,0,3,5,0,0,0,0,0,0,0,2007,123600
9337,1Fam,2Story,1997,1997,Gable,648,176,SB,1786,2,1,3,7,0,1997,2,684,0,162,0,2007,204750
10820,1Fam,2Story,1999,1999,Gable,342,646,SB,1873,2,1,3,7,1,1999,2,597,202,123,0,2007,235500
12352,1Fam,2Story,1998,1999,Gable,638,215,SB,1753,2,1,3,7,1,1998,2,534,0,74,0,2007,217000
9543,1Fam,2Story,2001,2001,Gable,0,845,SB,1690,2,1,3,7,0,2001,2,517,0,103,0,2007,190550
8826,1Fam,2Story,2000,2000,Gable,841,144,SB,1842,2,1,3,7,1,2000,2,486,193,96,0,2007,217500
10665,1Fam,1Story,2003,2003,Gable,1013,440,SB,1479,2,0,3,7,0,2003,2,558,144,29,0,2007,226000
11317,1Fam,2Story,2003,2003,Gable,0,840,SB,1668,2,1,3,8,0,2003,2,500,144,68,0,2007,180000
11800,1Fam,1Story,1974,1974,Gable,663,201,SB,894,1,0,3,5,0,1974,2,440,0,0,0,2007,131000
8660,1Fam,SLvl,1976,1976,Gable,502,513,SB,1025,2,0,3,6,1,1979,2,370,127,0,0,2007,153500
8982,1Fam,1Story,1977,1977,Gable,539,501,SB,1040,1,1,3,5,0,1977,2,748,0,0,0,2007,134900
16300,1Fam,1Story,1977,1977,Gable,60,399,SB,907,1,0,3,5,0,1977,1,308,0,0,0,2007,130000
9675,1Fam,1Story,1975,1975,Hip,330,102,SB,879,1,0,3,5,0,1975,2,440,0,80,0,2007,120000
7700,1Fam,1Story,1972,1972,Gable,138,276,SB,882,1,0,3,5,0,1980,2,461,96,0,0,2007,112500
10356,1Fam,1Story,1975,1975,Gable,716,253,SB,969,1,1,3,5,0,1975,2,440,0,0,0,2007,122000
7200,1Fam,1Story,1972,2006,Gable,385,0,SB,875,1,0,3,5,0,1975,2,728,352,0,0,2007,117000
10386,1Fam,1Story,2004,2005,Gable,1464,536,SB,2000,2,0,3,8,0,2004,3,888,168,0,0,2007,305900
9375,1Fam,2Story,2002,2002,Gable,0,1284,SB,2169,2,1,3,7,1,2002,2,647,192,87,0,2007,228500
11354,1Fam,1Story,2000,2000,Gable,1412,261,SB,1673,2,0,3,7,1,2000,2,583,306,113,0,2007,270000
8749,1Fam,1Story,2002,2002,Gable,0,1459,SB,1459,2,0,3,6,1,2002,2,527,192,39,0,2007,192000
8749,1Fam,2Story,2003,2003,Gable,654,325,SB,1932,2,1,3,7,1,2003,2,610,0,120,0,2007,213000
8158,1Fam,2Story,2002,2002,Gable,0,860,SB,1729,2,1,3,7,0,2002,2,542,386,63,0,2007,2.00E+05
16226,1Fam,2Story,1998,1999,Gable,281,747,SB,2452,2,1,4,9,1,1998,2,683,208,50,0,2007,267000
11927,1Fam,1Story,1994,1995,Hip,408,683,SB,1592,2,0,3,7,1,1994,2,484,120,35,0,2007,228000
12728,1Fam,2Story,2001,2001,Gable,1198,333,SB,2439,2,1,4,7,1,2001,2,560,184,121,0,2007,275000
15295,1Fam,2Story,1996,2002,Gable,762,98,SB,1992,2,1,3,7,2,1996,2,608,225,32,0,2007,211000
11248,1Fam,1Story,2002,2002,Hip,1059,567,SB,1668,2,0,3,7,1,2002,3,702,257,45,0,2007,285000
10000,1Fam,2Story,1995,1996,Gable,1079,141,SB,2090,2,1,3,8,1,1995,2,556,0,65,0,2007,240000
4435,TwnhsE,1Story,2003,2003,Gable,659,189,SB,848,1,0,1,3,0,2003,2,420,140,0,0,2007,131500
17227,1Fam,1Story,1999,2000,Gable,915,426,SB,1341,1,1,1,5,1,1999,2,482,240,84,0,2007,246900
8200,1Fam,2Story,2003,2004,Gable,0,847,SB,1928,2,1,4,8,1,2003,2,434,100,48,0,2007,219500
8450,1Fam,1Story,2003,2003,Gable,699,638,SB,1337,2,0,3,6,0,2003,2,531,0,39,0,2007,185000
8145,1Fam,2Story,2007,2007,Gable,0,738,SB,1476,2,1,3,7,0,2007,2,552,0,35,0,2007,179400
9245,1Fam,2Story,2006,2006,Gable,0,939,SB,1797,2,1,3,8,0,2006,2,639,144,53,0,2007,213500
8500,1Fam,1Story,2004,2004,Gable,0,1422,SB,1422,2,0,3,7,0,2004,2,626,192,60,0,2007,179600
8769,1Fam,1Story,2005,2005,Gable,709,460,SB,1190,2,0,2,5,0,2005,2,578,100,41,0,2007,173500
8334,1Fam,1Story,2006,2007,Gable,0,1330,SB,1330,2,0,3,6,1,2006,2,437,0,23,0,2007,167840
8333,1Fam,2Story,2006,2006,Gable,0,738,SB,1491,2,1,3,7,1,2006,2,484,100,30,0,2007,168675
9045,1Fam,2Story,2005,2005,Gable,0,768,SB,1536,2,1,3,6,0,2005,2,400,0,40,0,2007,167000
9170,1Fam,1Story,1965,1965,Hip,698,420,SB,1214,1,0,2,6,0,1965,2,461,0,0,0,2007,140000
9825,1Fam,SFoyer,1967,1967,Gable,936,0,SB,936,1,0,2,4,1,1967,1,384,405,0,0,2007,118500
8308,1Fam,1Story,1963,1963,Gable,132,115,SB,1088,1,0,2,4,0,2002,2,520,0,0,0,2007,110000
10921,1Fam,1Story,1965,1965,Hip,520,440,FF,960,1,0,3,6,0,1965,1,432,120,0,0,2007,94750
16287,1Fam,1.5Fin,1925,1950,Gable,130,666,SB,1351,1,0,3,7,1,1975,2,576,0,0,0,2007,122000
8240,1Fam,1Story,1960,1960,Hip,0,1179,SB,1179,1,0,2,5,0,1960,2,622,0,0,0,2007,110000
11841,Duplex,SFoyer,1990,1990,Gable,816,0,SB,816,1,0,3,5,0,0,0,0,0,32,0,2007,118500
6285,1Fam,SLvl,1976,1976,Gable,504,456,SB,1044,1,0,3,7,1,1976,2,528,228,0,0,2007,133500
7917,1Fam,1Story,1976,1976,Hip,751,392,SB,1113,1,1,3,6,1,1987,1,504,370,30,0,2007,148000
9555,Duplex,2Story,1979,1979,Gable,0,0,SB,2233,2,1,5,11,0,1979,2,579,0,0,0,2007,141000
8536,1Fam,1Story,2006,2007,Gable,0,1125,SB,1125,1,1,2,5,0,2007,2,430,80,64,0,2007,155000
7024,1Fam,1Story,2005,2006,Gable,980,110,SB,1090,1,1,2,5,0,2005,2,450,0,49,0,2007,157000
7023,1Fam,2Story,2005,2006,Gable,611,123,SB,1408,2,1,3,6,0,2005,2,489,0,85,0,2007,171500
39290,1Fam,1Story,2008,2009,Hip,4010,1085,SB,5095,2,1,2,15,2,2008,3,1154,546,484,0,2007,183850
40094,1Fam,2Story,2007,2008,Hip,2260,878,SB,4676,3,1,3,11,1,2007,3,884,208,406,0,2007,184750
3675,TwnhsE,SFoyer,2005,2005,Gable,467,80,SB,1072,1,0,2,5,0,2005,2,525,0,44,0,2007,140000
6400,1Fam,1Story,1959,2000,Gable,77,52,SB,960,1,0,2,4,0,1959,1,392,144,0,0,2007,131750
10215,1Fam,1Story,1954,1954,Hip,492,372,SB,948,1,0,3,5,0,1954,1,248,0,0,0,2007,111000
8741,Duplex,1Story,1946,1950,Gable,0,1195,SB,1195,2,0,4,8,0,0,0,0,118,0,0,2007,98500
4270,1Fam,1Story,1931,2006,Gable,544,0,SB,774,1,0,3,6,0,0,0,0,0,0,0,2007,79000
10042,1Fam,1.5Fin,1920,1995,Gable,144,238,SB,865,1,0,2,4,1,1920,1,216,0,0,0,2007,108500
9450,1Fam,1Story,1954,1954,Gable,552,342,SB,894,1,0,3,5,0,1999,2,400,0,0,0,2007,110000
11767,1Fam,2Story,1910,2000,Gable,0,560,SB,1346,1,1,2,6,0,1950,1,384,168,24,0,2007,112000
8172,1Fam,1Story,1955,1955,Gable,544,224,SB,768,1,0,2,4,1,1959,1,355,0,0,0,2007,125000
8172,1Fam,1Story,1955,1955,Gable,682,182,SB,864,1,0,3,5,0,1996,2,528,196,0,0,2007,79275
8190,1Fam,1Story,1954,1954,Hip,732,216,SB,948,1,0,3,5,1,1956,1,280,0,36,0,2007,119000
10896,2fmCon,2.5Fin,1914,1995,Hip,256,1184,FA,3395,2,0,8,14,0,0,0,0,0,110,0,2007,2.00E+05
10890,Duplex,2Story,1923,1950,Hip,371,925,FA,2592,2,0,6,12,0,0,0,0,0,742,0,2007,150000
10592,1Fam,2Story,1923,1996,Hip,0,602,SB,1502,1,1,3,7,2,1923,1,180,96,0,0,2007,165000
10594,1Fam,1.5Unf,1926,1950,Gable,0,768,SB,789,1,0,2,5,0,1926,1,200,0,0,0,2007,96500
7223,1Fam,1Story,1926,1950,Hip,319,971,SB,1422,1,0,3,6,0,1973,1,352,0,0,0,2007,136500
6821,1Fam,1.5Fin,1921,2005,Gable,113,538,SB,1298,2,0,2,8,1,1994,1,240,216,0,0,2007,146500
7200,1Fam,1.5Fin,1937,1950,Gable,569,162,SB,1768,1,1,3,7,2,1939,1,240,0,0,0,2007,175000
4000,1Fam,2Story,1930,1995,Gable,246,285,SB,1098,1,0,2,5,1,1930,1,216,0,0,0,2007,148500
6720,1Fam,2Story,1921,1950,Gable,0,585,SB,1436,1,0,3,7,1,1992,1,228,184,0,0,2007,141500
7642,1Fam,1.5Fin,1918,1998,Gable,0,912,SB,1426,1,1,3,7,1,1925,1,216,0,240,0,2007,189950
7155,1Fam,2Story,1926,1991,Gable,0,686,SB,1461,1,0,3,6,1,1926,1,225,0,0,0,2007,135000
7128,1Fam,2.5Unf,1941,1950,Gable,364,554,SB,1646,2,0,4,7,2,1941,1,240,0,0,0,2007,164000
4280,1Fam,1Story,1913,2002,Gable,365,75,SB,694,1,0,2,4,1,1990,1,352,0,0,0,2007,90350
5362,1Fam,1.5Fin,1910,2003,Gable,0,661,SB,1250,2,0,3,8,1,1985,2,552,242,0,0,2007,139000
6305,1Fam,1Story,1938,1950,Gable,0,920,SB,954,1,0,2,5,1,1938,1,240,0,0,0,2007,119750
7136,Duplex,2Story,1946,1950,Gable,484,495,FF,1958,2,0,4,8,0,1946,2,492,0,0,0,2007,145000
6270,Duplex,2Story,1949,1950,Gable,284,717,FA,2002,2,0,4,8,0,1949,3,871,0,0,0,2007,145000
7230,1Fam,2.5Unf,1927,1992,Gable,0,851,SB,1718,2,1,4,8,1,1927,2,264,291,0,0,2007,238000
13108,1Fam,1Story,1951,1951,Gable,0,0,SB,1226,1,1,2,7,1,1951,2,400,174,24,0,2007,153500
22420,1Fam,2Story,1918,1950,Hip,1128,242,FA,2624,2,1,4,10,1,1918,3,864,0,0,0,2007,239000
12168,1Fam,2Story,1934,1998,Gable,428,537,SB,3194,2,1,4,10,2,1934,2,380,0,0,0,2007,359100
7810,1Fam,1.5Fin,1930,2003,Gable,189,741,SB,1755,2,0,4,7,1,1930,1,231,0,40,0,2007,188000
11275,1Fam,1.5Fin,1932,1950,Gable,297,0,SB,1991,1,1,3,7,1,1977,2,432,0,0,0,2007,220000
6221,2fmCon,1.5Fin,1941,1950,Gable,533,195,SB,1355,2,0,3,5,0,1966,2,528,0,0,0,2007,140000
10570,1Fam,2Story,1932,1994,Hip,297,556,SB,2727,2,1,3,10,2,1932,2,440,0,74,0,2007,315000
7259,1Fam,2Story,1945,2002,Gambrel,774,104,SB,2320,2,1,3,9,1,1945,1,180,224,0,0,2007,259500
14442,1Fam,1Story,1957,2004,Hip,1186,291,SB,1839,2,0,3,7,2,1957,2,416,0,87,0,2007,257500
13125,1Fam,2Story,1940,1984,Gable,410,390,SB,1740,1,1,3,6,2,1940,1,240,0,0,0,2007,219500
21000,1Fam,1Story,1953,1953,Hip,35,905,SB,2259,2,0,3,7,2,1953,2,450,166,120,0,2007,217000
25485,1Fam,1Story,1960,1960,Gable,540,0,SB,1560,1,1,3,6,3,1960,2,580,0,75,0,2007,201000
21579,1Fam,1Story,1968,1968,Hip,813,675,SB,1488,2,0,3,7,2,1968,2,552,0,0,0,2007,215000
1782,Twnhs,2Story,1980,1980,Gable,330,186,SB,1045,1,0,2,5,1,1980,2,462,180,0,0,2007,123900
17871,1Fam,1Story,1995,1996,Gable,0,1680,SB,1680,2,0,4,7,0,1996,2,628,152,0,0,2007,170000
3907,TwnhsE,1Story,1988,1988,Gable,577,427,SB,1020,1,0,1,4,0,1988,2,509,135,0,0,2007,2.00E+05
20693,1Fam,1Story,1971,1971,Gable,434,1262,SB,1696,2,0,3,7,2,1971,2,625,0,146,0,2007,198000
18044,1Fam,1Story,1986,1986,Gable,0,279,SB,2726,2,1,2,6,1,1986,2,691,216,64,228,2007,315000
8500,1Fam,1.5Fin,1919,2005,Gable,0,793,FF,1517,2,0,3,7,0,0,0,0,0,0,0,2007,115000
7000,1Fam,1.5Fin,1940,1950,Gable,375,345,FA,1215,1,0,3,6,0,1965,2,720,0,0,0,2007,141000
7288,1Fam,1.5Fin,1925,2003,Gable,0,936,SB,1601,2,0,3,6,0,0,0,0,0,0,0,2007,129850
6060,1Fam,1.5Fin,1939,1950,Gable,0,732,SB,1123,1,0,3,4,0,1979,1,264,0,0,0,2007,1.00E+05
3672,1Fam,1Story,1922,1950,Gable,0,816,SB,816,1,0,2,5,0,1922,1,100,0,0,0,2007,75200
8263,1Fam,1Story,1920,1950,Gable,0,1012,FA,1012,1,0,2,6,1,1920,1,308,0,22,0,2007,118400
8967,1Fam,1Story,1920,1950,Gable,0,961,M,1077,1,0,2,6,0,1920,1,338,0,0,0,2007,67000
13710,1Fam,1.5Fin,1950,1950,Gable,420,490,FA,1558,1,1,4,6,0,1950,1,282,289,0,0,2007,152000
11067,1Fam,1.5Fin,1939,1950,Gable,0,0,SB,845,1,0,1,4,0,1950,1,256,48,0,0,2007,68104
8250,2fmCon,2Story,1895,2006,Gable,0,957,SB,1991,2,0,4,9,0,0,0,0,0,0,0,2007,119600
6565,1Fam,1Story,1957,1980,Gable,967,106,FA,1073,1,0,3,6,0,1985,2,720,0,444,0,2007,140000
6060,1Fam,1Story,1930,2007,Hip,737,100,SB,1001,1,0,2,5,0,1930,1,216,154,0,0,2007,124900
5568,TwnhsE,1Story,2006,2007,Hip,1573,0,SB,1625,2,0,2,5,1,2006,2,495,123,0,0,2007,375000
4750,TwnhsE,1Story,2006,2007,Hip,1573,0,SB,1625,2,0,2,5,1,2006,2,538,123,0,0,2007,235000
12150,1Fam,SFoyer,1979,1979,Gable,1001,0,SB,1299,2,0,2,5,1,1979,2,486,84,0,0,2007,183500
7540,1Fam,SFoyer,1978,1978,Gable,773,115,SB,912,1,0,2,5,1,1978,2,470,0,0,0,2007,156000
9187,1Fam,1Story,1983,1983,Gable,336,748,SB,1080,1,1,3,5,0,1983,2,484,120,0,0,2007,134000
10000,1Fam,1Story,2002,2002,Gable,585,856,SB,1392,2,0,3,6,1,2002,3,650,168,49,0,2007,215000
12864,1Fam,1Story,2002,2002,Gable,1392,17,SB,1409,1,1,1,4,1,2002,2,576,0,144,0,2007,245000
9928,1Fam,1Story,1991,1992,Gable,1239,215,SB,1478,2,0,3,6,1,1991,2,506,114,22,0,2007,210000
8750,1Fam,SLvl,1975,1975,Gable,224,98,SB,918,1,0,3,4,0,1975,1,360,192,84,0,2007,148000
8410,1Fam,SFoyer,1974,1974,Gable,924,46,SB,1026,1,0,2,5,1,1974,2,528,193,0,0,2007,143000
4054,TwnhsE,1Story,1987,1987,Gable,949,552,SB,1501,2,0,2,5,2,1987,2,512,240,0,0,2007,244000
16905,1Fam,1Story,1959,1959,Gable,967,383,SB,1328,1,1,2,5,2,1959,1,308,0,104,0,2007,170000
19958,1Fam,1Story,1958,1995,Hip,0,585,SB,2279,2,1,4,7,1,1958,2,461,274,0,0,2007,257000
8368,1Fam,1Story,2006,2007,Gable,0,1689,SB,1689,2,0,3,7,0,2007,2,433,100,39,0,2007,231713
9037,1Fam,1Story,2006,2006,Hip,428,1048,SB,1484,2,0,2,6,1,2006,2,472,120,33,0,2007,265900
10991,1Fam,1Story,2007,2007,Gable,0,1571,SB,1571,2,0,3,7,1,2007,3,722,100,36,0,2007,239000
10656,1Fam,1Story,2006,2007,Gable,0,1638,SB,1646,2,0,3,6,1,2007,3,870,192,80,0,2007,248900
10331,1Fam,1Story,1985,1985,Gable,215,970,SB,1240,2,0,3,6,0,1985,2,528,232,0,0,2007,174000
13758,1Fam,1.5Fin,1990,1991,Gable,902,254,SB,1717,2,1,3,7,1,1990,2,400,168,36,0,2007,187500
9303,1Fam,2Story,1996,1997,Hip,742,130,SB,1756,2,1,3,7,0,1996,2,422,144,122,0,2007,204000
6718,1Fam,1Story,2001,2001,Gable,250,1017,SB,1312,2,0,2,5,0,2001,2,471,256,28,0,2007,180500
9590,1Fam,SLvl,2003,2003,Gable,786,82,SB,1146,2,0,3,6,1,2003,2,438,160,22,0,2007,187500
11305,1Fam,1Story,2002,2002,Hip,1329,593,SB,1922,2,0,2,6,1,2002,3,692,201,64,0,2007,282000
7777,1Fam,1Story,1996,1996,Gable,0,1491,SB,1491,2,0,3,7,1,1996,2,571,0,35,0,2007,178000
14536,1Fam,1Story,2002,2003,Hip,1300,316,SB,1629,2,0,3,9,1,2002,3,808,0,252,0,2007,270000
11800,1Fam,2Story,2003,2004,Gable,766,356,SB,2486,3,1,5,10,1,2003,2,452,143,32,0,2007,279900
35133,1Fam,1Story,1963,1963,Hip,1159,413,SB,1572,1,1,3,5,2,1963,3,995,0,263,0,2007,186700
15306,1Fam,1Story,2006,2007,Gable,80,1652,SB,1776,2,0,3,7,1,2006,3,712,0,0,0,2007,283463
12633,1Fam,1Story,2006,2007,Hip,0,1824,SB,1824,2,0,3,8,1,2006,3,932,160,36,0,2007,392000
12665,1Fam,2Story,2005,2006,Hip,0,1094,SB,2482,2,1,4,9,1,2005,3,642,144,39,0,2007,281213
8402,1Fam,1Story,2007,2007,Gable,206,914,SB,1120,1,0,3,6,0,0,0,0,0,30,0,2007,147000
43500,1Fam,1Story,1953,1953,Gable,0,0,SB,2034,1,0,2,9,0,1953,4,1041,483,266,561,2007,130000
6710,TwnhsE,SFoyer,1996,1997,Gable,16,0,SB,936,0,1,0,3,0,1996,2,460,0,40,0,2007,140000
25286,1Fam,1Story,1963,1963,Gable,633,431,SB,1040,1,0,3,5,0,1963,2,648,0,0,0,2007,132250
25000,Duplex,1Story,1967,1967,Gable,0,1632,SB,1632,2,0,4,8,0,1967,2,576,0,0,0,2007,143000
32463,2fmCon,1Story,1961,1975,Gable,1159,90,SB,1622,1,0,3,7,1,1975,4,1356,439,0,0,2007,168000
4224,TwnhsE,1Story,1976,1976,Gable,840,200,SB,1060,1,0,3,6,1,1976,2,572,100,110,0,2007,129900
4224,TwnhsE,1Story,1976,1976,Gable,874,268,SB,1142,1,1,3,6,1,1976,2,528,536,90,0,2007,134000
1504,Twnhs,2Story,1972,1972,Gable,252,294,SB,1092,1,1,3,5,0,1972,1,253,0,0,0,2007,85500
1533,Twnhs,SLvl,1970,1970,Gable,503,27,SB,992,1,0,2,4,0,1970,1,297,112,97,0,2007,106500
1495,TwnhsE,2Story,1970,1970,Gable,384,162,SB,1092,1,1,3,5,0,0,0,0,0,64,0,2007,93900
2001,Twnhs,2Story,1970,1970,Gable,0,546,SB,1092,1,1,3,6,0,1970,1,286,0,0,0,2007,75000
1936,Twnhs,SFoyer,1970,1970,Gable,131,0,SB,630,1,0,1,3,0,0,0,0,0,0,0,2007,84500
1890,Twnhs,2Story,1976,1976,Gable,0,546,SB,1092,1,1,3,6,0,1976,1,286,0,0,0,2007,75190
11333,1Fam,SLvl,1976,1976,Gable,539,490,SB,1062,1,0,3,5,2,1976,2,539,120,0,0,2007,146800
9129,1Fam,SFoyer,1977,1977,Gable,923,0,SB,1008,1,0,1,4,1,1977,2,678,201,66,0,2007,153500
15957,1Fam,SLvl,1977,1977,Gable,1148,96,SB,1356,2,0,3,6,1,1977,2,528,1424,0,0,2007,188000
33983,1Fam,1Story,1977,1994,Gable,1112,48,SB,1676,1,1,3,6,2,1977,2,672,690,90,0,2007,196000
8286,1Fam,2Story,1977,1977,Gable,531,185,SB,1432,1,1,3,6,1,1977,2,531,0,136,0,2007,157000
6723,1Fam,SFoyer,1971,1971,Gable,796,0,SB,796,1,0,2,5,0,0,0,0,129,0,0,2007,138000
7244,1Fam,SFoyer,1970,1970,Gable,619,149,SB,768,1,0,2,5,0,1987,2,624,104,0,0,2007,129500
27697,1Fam,1Story,1961,1961,Shed,811,585,SB,1608,1,0,3,6,0,1961,1,444,152,38,0,2007,80000
7599,1Fam,1Story,1982,2006,Gable,565,280,SB,845,1,0,2,4,0,1987,2,360,0,0,0,2007,129500
11000,1Fam,1Story,1976,2003,Gable,1090,0,SB,1178,1,1,3,6,0,1976,2,502,0,44,0,2007,135000
8314,1Fam,1Story,1982,1982,Gable,546,270,SB,816,1,0,2,5,0,1982,1,264,168,0,0,2007,124500
11625,1Fam,1Story,1983,1983,Gable,596,220,SB,816,1,0,2,4,0,1983,1,264,330,0,0,2007,139000
10712,1Fam,1Story,1991,1992,Gable,212,762,SB,974,1,0,3,5,0,0,0,0,0,28,0,2007,93500
10447,1Fam,1Story,1984,1984,Gable,516,348,SB,887,1,0,3,5,0,1984,1,288,140,0,0,2007,124500
11027,1Fam,1Story,1954,1954,Hip,468,171,SB,1293,2,0,2,5,0,1954,2,452,280,0,0,2006,149900
10533,1Fam,1Story,1956,1956,Hip,773,235,SB,1024,1,0,2,5,2,1956,1,313,0,0,0,2006,157500
11765,1Fam,1Story,1957,1957,Gable,1127,490,SB,1797,1,1,3,7,1,1957,3,963,0,0,0,2006,169000
39384,1Fam,1Story,1957,1957,Gable,1110,595,SB,1390,1,1,1,4,2,1957,2,550,0,189,0,2006,252000
11727,1Fam,1Story,1969,1969,Gable,0,1851,SB,1851,2,0,3,8,1,1969,2,506,0,146,0,2006,192100
8238,1Fam,2Story,1997,1998,Gable,700,113,SB,1525,2,1,3,6,1,1997,2,400,421,72,0,2006,183500
13006,1Fam,2Story,1997,1997,Gable,0,964,SB,2236,2,1,4,8,1,1997,2,642,0,0,0,2006,222000
13041,1Fam,2Story,1995,1995,Gable,0,781,SB,1671,2,1,3,7,1,1995,2,423,0,84,0,2006,170000
13031,1Fam,2Story,1995,1996,Gable,592,99,SB,1498,2,1,3,6,1,1995,2,409,315,44,0,2006,187500
9783,1Fam,2Story,1996,1996,Gable,0,821,SB,1776,2,1,3,7,1,1996,2,443,286,116,0,2006,202000
11207,1Fam,2Story,1997,1997,Gable,714,88,SB,1511,2,1,3,8,1,1997,2,413,95,75,0,2006,185000
19378,1Fam,2Story,2005,2006,Gable,57,1335,SB,2462,2,1,4,9,1,2006,2,576,239,132,0,2006,320000
14859,1Fam,1Story,2006,2006,Hip,0,1670,SB,1670,2,0,3,7,1,2006,3,690,144,60,0,2006,240000
13128,1Fam,2Story,2005,2005,Gable,0,1074,SB,2064,2,1,4,7,1,2005,2,527,0,119,0,2006,250000
10463,1Fam,2Story,2005,2005,Gable,0,893,SB,1801,2,1,3,8,1,2005,3,800,0,116,0,2006,239900
13751,1Fam,2Story,2005,2006,Gable,60,1640,SB,2212,2,1,3,9,1,2006,3,773,237,38,0,2006,309000
23257,1Fam,2Story,2006,2006,Gable,0,868,SB,2021,2,1,3,9,1,2006,2,422,0,100,0,2006,274725
13108,1Fam,2Story,1994,1994,Gable,0,2062,SB,2687,2,1,4,9,0,1994,2,618,168,12,0,2006,270000
8076,1Fam,1Story,1993,1994,Gable,705,455,SB,1169,2,0,3,6,1,1993,2,402,0,26,0,2006,183500
7685,1Fam,2Story,1993,1994,Gable,518,179,SB,1501,2,1,3,6,1,1993,2,420,190,63,0,2006,165600
9084,1Fam,2Story,1998,1998,Hip,0,935,SB,1632,2,1,3,8,1,1998,2,462,0,28,0,2006,176500
3701,TwnhsE,1Story,1987,1987,Gable,0,1191,SB,1204,2,0,2,5,0,1987,2,461,120,70,0,2006,130000
5306,TwnhsE,2Story,1987,1987,Gable,495,354,SB,1767,2,0,2,5,1,1987,2,504,441,35,0,2006,239000
6563,1Fam,1Story,1985,1985,Gable,1148,594,SB,1742,2,0,2,5,1,1985,2,564,114,28,0,2006,275000
12292,1Fam,2Story,2006,2006,Hip,205,889,SB,2473,2,1,4,11,1,2006,3,675,246,39,0,2006,356383
12438,1Fam,2Story,2006,2006,Hip,0,1234,SB,2576,2,1,4,10,1,2006,3,666,324,100,0,2006,361919
15922,1Fam,2Story,2005,2006,Hip,0,1390,SB,2795,3,1,4,10,1,2005,3,660,272,102,0,2006,401179
13682,1Fam,2Story,2006,2006,Hip,0,1410,SB,2945,3,1,3,10,1,2006,3,641,192,0,0,2006,438780
14762,1Fam,2Story,1948,1950,Gable,0,0,SB,2320,2,0,2,7,1,1979,2,672,120,144,0,2006,169000
34650,2fmCon,1Story,1955,1955,Hip,1056,0,SB,1056,1,0,3,5,0,1955,2,572,264,0,0,2006,145000
8147,TwnhsE,1Story,2005,2005,Hip,1191,523,SB,1714,2,0,2,7,1,2005,2,517,156,55,0,2006,318000
11302,1Fam,1Story,2005,2006,Gable,1422,392,SB,1826,2,0,3,7,1,2005,3,758,180,75,0,2006,319000
14145,1Fam,1Story,1984,1998,Gable,213,995,SB,1621,2,0,3,8,0,1984,2,440,108,45,0,2006,202500
13837,1Fam,1.5Fin,1988,1988,Gable,1002,0,SB,2183,2,1,4,9,0,1988,3,786,0,0,0,2006,229000
16659,1Fam,2Story,1977,1994,Gable,795,0,SB,2263,2,1,3,9,1,1977,2,539,0,250,0,2006,235000
18800,1Fam,2Story,1976,1976,Gable,712,84,SB,1574,2,1,3,6,1,1976,2,566,306,111,0,2006,190000
10464,1Fam,SFoyer,1980,1980,Gable,850,138,SB,1102,1,0,2,5,1,1980,2,582,140,22,0,2006,169000
10400,1Fam,1Story,1988,1988,Gable,929,916,SB,1872,2,0,3,6,1,1988,2,604,197,39,0,2006,241500
10530,1Fam,2Story,1978,1978,Gable,0,945,SB,1857,2,1,4,8,1,1978,2,482,400,105,0,2006,188900
10240,1Fam,1Story,1980,1980,Gable,625,0,SB,1686,2,0,3,7,1,1980,2,612,384,131,0,2006,207500
16692,1Fam,2Story,1978,1978,Gable,790,133,SB,2784,3,1,5,12,2,1978,2,564,0,112,519,2006,250000
11475,1Fam,2Story,1975,1975,Gable,550,163,SB,1552,2,1,3,6,1,1975,2,434,209,208,0,2006,179900
9927,1Fam,SFoyer,1976,1976,Gable,1005,42,SB,1083,1,0,2,5,1,1976,2,596,444,0,0,2006,172000
9512,1Fam,2Story,2005,2006,Gable,788,172,SB,2318,2,1,3,8,1,2005,2,541,0,246,0,2006,294323
10530,1Fam,SLvl,1975,2000,Gable,548,127,SB,1875,3,0,3,8,1,1975,2,485,48,28,0,2006,184500
10140,1Fam,1Story,1975,1975,Gable,788,268,SB,1074,1,1,3,6,0,1975,2,495,0,88,0,2006,153500
10140,1Fam,2Story,1976,1976,Gable,194,638,SB,1664,2,1,4,8,1,1976,2,528,0,28,0,2006,162900
10140,1Fam,1Story,1974,1999,Hip,663,0,SB,1309,1,1,3,5,1,1974,2,484,265,0,648,2006,181000
10000,1Fam,1Story,1974,1974,Gable,755,348,SB,1103,2,0,3,6,0,1974,2,462,295,84,0,2006,155000
15870,1Fam,1Story,1969,1969,Gable,75,230,SB,1096,1,0,3,6,0,1969,1,299,240,32,0,2006,138800
9353,1Fam,1Story,1970,1970,Gable,0,864,SB,864,1,0,3,5,0,1972,1,280,0,0,0,2006,116050
8125,1Fam,1Story,1971,1971,Gable,614,244,SB,858,1,0,3,5,0,0,0,0,0,0,0,2006,88000
7200,1Fam,1Story,1971,1971,Gable,20,224,SB,874,1,0,3,5,0,1995,2,576,63,0,0,2006,97500
8773,TwnhsE,1Story,2002,2002,Gable,951,536,SB,1419,2,0,2,4,0,2002,2,543,196,68,0,2006,190000
2760,TwnhsE,2Story,1973,1973,Gable,0,525,SB,1092,1,1,3,6,0,1973,2,440,0,0,0,2006,105500
2160,TwnhsE,2Story,1973,1973,Gable,402,363,SB,1365,1,1,3,7,1,1973,2,440,0,36,0,2006,125500
1953,Twnhs,2Story,1973,1973,Gable,309,174,SB,987,1,1,2,5,0,1973,1,264,72,0,0,2006,83000
1890,Twnhs,2Story,1972,1972,Gable,282,212,SB,1030,1,1,3,6,0,1973,1,264,0,0,0,2006,116000
1680,Twnhs,2Story,1971,1971,Gable,0,672,SB,1218,1,1,3,7,0,0,0,0,201,0,0,2006,91500
1680,Twnhs,2Story,1972,1972,Gable,317,355,SB,1218,1,1,3,7,0,1972,1,264,0,28,0,2006,118000
1680,Twnhs,2Story,1972,1972,Gable,276,207,SB,948,1,1,2,5,0,1972,1,264,0,0,0,2006,89000
1680,Twnhs,2Story,1972,1972,Gable,382,143,SB,1092,1,1,3,6,0,1972,1,264,352,0,0,2006,108000
1680,Twnhs,2Story,1972,1972,Gable,0,483,SB,987,1,1,2,5,1,1972,1,288,0,0,0,2006,94500
4043,TwnhsE,1Story,1975,1975,Gable,727,186,SB,1069,2,0,2,4,1,1975,2,440,0,55,0,2006,146300
7514,1Fam,1Story,1967,1975,Hip,373,462,SB,1387,1,0,3,6,1,1974,1,300,0,0,0,2006,145000
7838,1Fam,SFoyer,1967,1967,Gable,769,95,SB,900,1,0,3,6,1,1967,1,288,175,144,0,2006,123000
2280,Twnhs,1Story,1976,1976,Gable,120,443,SB,1055,2,0,2,4,0,1976,1,319,0,29,0,2006,137500
2179,Twnhs,2Story,1976,1976,Gable,70,785,SB,1456,2,1,3,6,1,1976,2,460,0,28,0,2006,144000
16737,1Fam,1Story,2004,2005,Hip,1447,533,SB,1980,2,0,3,8,1,2004,3,770,194,45,0,2006,315000
16387,1Fam,2Story,2006,2006,Hip,1369,369,SB,2589,2,1,4,11,1,2006,3,831,0,0,0,2006,412083
16259,1Fam,2Story,2006,2006,Gable,0,1249,SB,2596,3,1,4,9,0,2006,3,840,240,154,0,2006,342643
16163,1Fam,1Story,2004,2004,Gable,0,1618,SB,1618,2,0,2,6,1,2004,3,880,0,0,0,2006,252000
12228,1Fam,1Story,2006,2006,Hip,0,1721,SB,1740,2,0,4,8,0,2006,3,874,0,43,0,2006,293000
14780,1Fam,1Story,2005,2005,Hip,1505,363,SB,1868,2,0,2,7,1,2005,3,1085,354,56,0,2006,415000
16033,1Fam,1Story,2004,2005,Hip,1261,572,SB,1850,2,0,3,8,1,2004,3,772,519,112,0,2006,326000
14215,1Fam,2Story,2005,2006,Gable,0,1158,SB,2376,3,1,4,9,1,2005,3,853,240,154,0,2006,325300
13418,1Fam,2Story,2004,2005,Gable,0,1117,SB,2452,3,1,4,9,1,2004,3,691,113,32,0,2006,309000
13975,1Fam,2Story,2005,2006,Hip,0,1090,SB,2206,2,1,4,10,1,2005,3,670,148,95,0,2006,3.00E+05
10240,1Fam,2Story,2005,2005,Gable,0,1030,SB,2098,2,1,3,8,1,2005,3,878,192,52,0,2006,275500
9942,1Fam,2Story,2005,2006,Gable,1290,316,SB,2091,2,1,3,8,1,2005,2,521,194,84,0,2006,338500
11924,1Fam,2Story,2005,2006,Hip,998,177,SB,2324,3,0,4,11,2,2005,3,736,147,21,0,2006,345000
10672,1Fam,2Story,2006,2006,Gable,0,1054,SB,2389,2,1,4,10,1,2006,3,672,176,64,0,2006,298236
11643,1Fam,2Story,2005,2006,Hip,880,644,SB,2358,2,1,4,10,1,2005,3,784,120,34,0,2006,329900
12378,1Fam,1Story,2003,2004,Gable,1274,622,SB,1944,2,0,3,8,3,2003,3,708,208,175,0,2006,360000
11065,1Fam,2Story,2006,2006,Gable,0,1085,SB,1970,2,1,3,8,1,2006,3,753,177,74,0,2006,281000
13758,1Fam,1Story,2005,2006,Gable,1232,560,SB,1792,2,0,2,6,1,2005,3,925,204,49,0,2006,372397
14828,1Fam,1Story,2004,2005,Hip,1383,397,SB,1780,2,0,2,7,1,2004,3,816,144,68,0,2006,378000
11846,1Fam,1Story,2003,2004,Hip,1567,225,SB,1792,2,0,2,6,1,2003,3,874,206,49,0,2006,374000
20431,1Fam,2Story,2005,2006,Hip,1410,438,SB,2728,2,1,4,10,2,2006,3,706,0,0,0,2006,437154
10927,1Fam,2Story,2005,2005,Gable,546,512,SB,1904,2,1,3,8,1,2003,2,736,179,60,0,2006,275000
13215,1Fam,2Story,2004,2004,Gable,994,426,SB,1914,2,1,3,9,1,2004,3,746,168,127,0,2006,279000
7052,TwnhsE,1Story,2005,2005,Gable,659,705,SB,1364,2,0,2,6,1,2005,2,484,192,36,0,2006,185850
5911,TwnhsE,1Story,2005,2005,Hip,472,1088,SB,1565,2,0,2,6,1,2005,2,556,196,56,0,2006,282500
6955,TwnhsE,1Story,2005,2006,Gable,0,1368,SB,1368,2,0,2,6,1,2005,2,474,132,35,0,2006,202500
6792,TwnhsE,1Story,2005,2006,Gable,0,1368,SB,1368,2,0,2,6,1,2005,2,474,132,35,0,2006,202665
7740,TwnhsE,1Story,2006,2006,Hip,1023,663,SB,1686,2,0,1,6,1,2006,3,899,266,100,0,2006,332200
6373,TwnhsE,1Story,2006,2006,Hip,415,1251,SB,1666,2,0,2,6,1,2006,2,575,228,75,0,2006,310090
3136,TwnhsE,1Story,2003,2003,Gable,0,1405,SB,1405,2,0,2,6,1,2003,2,478,148,36,0,2006,171750
10237,1Fam,1Story,2005,2006,Gable,28,1288,SB,1316,2,0,3,6,1,2005,2,397,100,0,0,2006,169990
10237,1Fam,2Story,2005,2006,Gable,0,728,SB,1456,2,1,3,8,1,2005,2,390,0,24,0,2006,170440
10237,1Fam,2Story,2006,2006,Gable,0,738,SB,1492,2,1,3,8,0,2006,2,440,0,32,0,2006,169985
17104,1Fam,2Story,2006,2006,Gable,554,100,SB,1496,2,1,3,7,1,2006,2,426,100,24,0,2006,179665
14054,1Fam,2Story,2006,2006,Gable,0,879,SB,1863,2,1,4,9,1,2006,3,660,100,17,0,2006,219210
11660,1Fam,1Story,2006,2006,Gable,0,1326,SB,1326,2,0,3,6,0,2006,2,427,100,0,0,2006,174190
15578,1Fam,2Story,2006,2006,Gable,0,728,SB,1456,2,1,3,8,0,2006,2,429,0,0,0,2006,172785
11631,1Fam,2Story,2004,2005,Gable,0,1052,SB,2373,2,1,4,9,1,2004,3,632,120,46,0,2006,258000
9073,1Fam,2Story,2006,2006,Gable,0,738,SB,1492,2,1,3,8,0,2006,2,440,100,32,0,2006,185101
3087,TwnhsE,1Story,2006,2006,Gable,453,767,SB,1364,2,0,2,6,1,2006,2,437,100,16,0,2006,210250
3196,TwnhsE,1Story,2003,2004,Gable,0,1374,SB,1557,2,0,2,7,1,2003,2,420,143,20,0,2006,234000
3196,TwnhsE,1Story,2003,2003,Gable,0,1273,SB,1456,2,0,2,7,1,2003,2,400,143,20,0,2006,215000
2938,TwnhsE,1Story,2002,2002,Gable,1038,330,SB,1511,2,0,2,5,1,2002,2,398,130,30,0,2006,246990
3072,TwnhsE,1Story,2004,2004,Hip,0,1375,SB,1414,2,0,2,6,1,2004,2,398,144,20,0,2006,178740
3072,TwnhsE,1Story,2004,2004,Hip,1059,306,SB,1548,2,0,2,7,1,2004,2,388,143,20,0,2006,225000
3010,TwnhsE,1Story,2005,2006,Gable,16,1232,SB,1248,2,0,2,5,0,2005,2,438,108,0,0,2006,167240
3010,TwnhsE,1Story,2005,2006,Gable,16,1126,SB,1142,2,0,2,6,0,2005,2,440,90,0,0,2006,156820
3013,TwnhsE,1Story,2005,2005,Gable,16,1346,SB,1506,2,0,2,6,1,2005,2,440,142,20,0,2006,213490
3982,TwnhsE,1Story,2006,2006,Hip,1154,366,SB,1567,2,0,1,7,1,2006,3,648,312,0,0,2006,264561
4045,TwnhsE,1Story,2006,2006,Hip,1070,286,SB,1500,2,0,2,6,1,2006,3,648,161,20,0,2006,246578
21930,1Fam,2Story,2005,2005,Gable,0,732,SB,1838,2,1,4,7,1,2005,2,372,100,40,0,2006,192140
7861,1Fam,2Story,2002,2003,Gable,457,326,SB,1509,2,1,3,7,1,2002,2,393,100,75,0,2006,183200
9056,1Fam,2Story,2004,2004,Gable,0,707,SB,1414,2,1,3,6,1,2004,2,403,100,35,0,2006,178000
9171,1Fam,2Story,2004,2005,Gable,0,848,SB,1598,2,1,3,7,1,2004,2,433,100,48,0,2006,201490
11194,1Fam,2Story,2000,2000,Gable,0,1406,SB,1936,2,1,3,7,1,2000,2,504,188,124,0,2006,230500
7875,1Fam,2Story,2003,2003,Gable,0,783,SB,1509,2,1,3,8,1,2003,2,393,0,75,0,2006,180000
8121,1Fam,2Story,2000,2000,Gable,0,953,SB,1664,2,1,3,7,1,2000,2,460,100,40,0,2006,172400
8658,1Fam,2Story,2000,2000,Gable,732,250,SB,1889,2,1,3,9,1,2000,2,431,0,0,0,2006,215000
11214,1Fam,2Story,1998,1999,Gable,0,930,SB,1886,2,1,4,10,1,1998,2,431,89,0,0,2006,199900
10852,1Fam,2Story,2000,2000,Gable,786,173,SB,1671,2,1,3,7,1,2000,2,472,0,38,0,2006,173000
12104,1Fam,2Story,2006,2006,Gable,0,1035,SB,2322,3,1,4,8,0,2006,3,617,400,45,0,2006,287602
8738,1Fam,2Story,1999,1999,Gable,0,975,SB,2291,2,1,4,8,1,1999,2,429,192,0,0,2006,230000
9452,1Fam,2Story,1997,1998,Gable,1074,322,SB,2392,2,1,3,7,1,1997,3,870,0,70,0,2006,348000
9660,1Fam,2Story,1998,1998,Gable,791,253,SB,1976,2,1,3,7,1,1998,3,885,210,31,0,2006,286000
9545,1Fam,2Story,2000,2000,Gable,505,655,SB,2234,2,1,3,7,1,2000,3,768,0,50,0,2006,3.00E+05
9233,1Fam,2Story,2000,2000,Gable,1182,358,SB,2855,2,1,4,9,1,2000,3,774,247,55,0,2006,405000
12011,1Fam,2Story,1998,1998,Gable,956,130,SB,1924,2,1,3,7,1,1998,2,592,208,75,0,2006,280000
12090,1Fam,2Story,1998,1998,Hip,0,1141,SB,2263,2,1,4,10,1,1998,2,420,144,123,0,2006,258000
10019,1Fam,2Story,1995,1995,Hip,527,815,SB,2726,2,1,4,9,1,1995,3,725,307,169,0,2006,350000
10236,1Fam,2Story,1994,1995,Gable,380,742,SB,2494,2,1,4,9,1,1994,3,803,200,95,0,2006,321000
10120,1Fam,2Story,1994,1994,Hip,740,425,SB,2526,2,1,4,8,1,1994,3,844,309,78,0,2006,290000
12585,1Fam,2Story,1993,1993,Gable,247,0,SB,2799,2,1,3,8,1,1993,3,704,432,136,0,2006,315000
12447,1Fam,2Story,2005,2006,Gable,0,1100,SB,1964,2,1,3,8,1,2005,2,760,200,70,0,2006,252000
20896,1Fam,1Story,2005,2006,Gable,1721,356,SB,2097,1,1,1,8,1,2005,3,1134,192,267,0,2006,423000
10182,1Fam,1Story,2006,2006,Hip,1220,440,SB,1660,2,0,3,8,1,2006,2,500,322,50,0,2006,290000
8688,1Fam,1Story,2005,2005,Gable,0,1616,SB,1616,2,0,3,7,0,2005,3,834,208,59,0,2006,232000
10936,1Fam,1Story,2006,2006,Gable,0,1504,SB,1504,2,0,3,7,0,2006,2,510,144,0,0,2006,199000
8640,1Fam,1Story,2006,2006,Gable,24,1254,SB,1278,2,0,2,5,0,2006,2,584,0,60,0,2006,198600
13162,1Fam,2Story,2006,2006,Gable,1836,200,SB,2640,3,1,3,11,1,2006,3,792,0,265,0,2006,405749
11216,1Fam,1Story,2006,2006,Gable,0,1489,SB,1489,2,0,3,7,1,2006,2,776,0,140,0,2006,232600
10728,1Fam,2Story,2006,2006,Gable,0,1095,SB,1939,2,1,3,8,1,2006,3,1053,192,51,0,2006,266000
8125,1Fam,2Story,2005,2006,Gable,0,756,SB,1553,2,1,3,6,0,2005,2,615,0,45,0,2006,186500
8125,1Fam,2Story,2005,2005,Gable,0,858,SB,1716,2,1,3,7,0,2005,2,615,0,53,0,2006,200825
8125,1Fam,2Story,2006,2006,Gable,0,770,SB,1576,2,1,3,6,0,2006,2,614,0,50,0,2006,197000
7200,1Fam,1Story,2006,2006,Gable,905,357,SB,1262,2,0,2,5,0,2006,2,572,0,120,0,2006,185000
7500,1Fam,1Story,2005,2005,Gable,0,1257,SB,1266,2,0,3,6,1,2005,2,453,38,144,0,2006,176000
7200,1Fam,1Story,2006,2006,Gable,0,1293,SB,1301,2,0,2,5,1,2006,2,572,216,121,0,2006,187750
7733,1Fam,1Story,2005,2005,Gable,24,1118,SB,1142,1,1,3,5,0,0,0,0,4,50,0,2006,139500
11024,1Fam,1Story,2005,2006,Gable,0,1400,SB,1400,2,0,3,6,0,2005,2,612,144,55,0,2006,186800
13072,1Fam,1Story,2005,2006,Gable,0,1131,SB,1131,1,1,3,6,0,0,0,0,0,39,0,2006,132000
13072,1Fam,1Story,2005,2005,Gable,0,1141,SB,1141,1,1,3,6,0,2005,2,484,0,0,0,2006,142500
13072,1Fam,1Story,2004,2004,Gable,941,217,SB,1158,1,1,3,5,0,2006,2,576,0,50,0,2006,158000
7800,1Fam,2Story,2005,2005,Gable,0,891,SB,1686,2,1,3,8,0,2005,2,462,144,101,0,2006,184000
7632,1Fam,2Story,2005,2005,Gable,0,784,SB,1585,2,1,3,7,0,2005,2,449,100,77,0,2006,184900
8304,1Fam,2Story,1997,1998,Gable,0,941,SB,1837,2,1,3,7,0,1997,2,688,150,165,0,2006,187000
7153,1Fam,2Story,1992,1992,Gable,387,374,SB,1603,2,1,3,7,0,1992,2,484,0,124,0,2006,175900
9370,1Fam,2Story,1992,1993,Gable,758,78,SB,1731,2,1,3,7,0,1992,2,462,307,85,0,2006,248500
7175,TwnhsE,1Story,1990,1991,Gable,904,494,SB,1398,2,0,2,5,0,1990,2,542,0,46,0,2006,172000
7175,TwnhsE,1Story,1991,1991,Gable,278,939,SB,1217,2,0,2,5,0,1991,2,484,0,64,0,2006,151000
9019,1Fam,2Story,1994,1994,Gable,274,362,SB,1320,2,1,3,6,0,1994,2,472,0,40,0,2006,150000
8900,1Fam,1Story,1966,1966,Gable,1056,0,SB,1056,1,0,2,5,0,1966,1,384,0,42,0,2006,107000
7800,1Fam,1Story,1965,1965,Gable,641,187,SB,965,1,0,3,6,0,1979,1,300,421,0,0,2006,119900
9100,1Fam,1Story,1962,1962,Hip,36,952,SB,988,1,0,3,6,0,1977,2,624,0,0,0,2006,129500
9100,Duplex,1Story,1963,1963,Gable,1332,396,SB,1728,2,0,6,10,0,1963,2,504,0,0,0,2006,125000
8927,Duplex,1.5Fin,1977,1977,Gable,0,0,SB,1654,2,0,4,10,0,1977,2,528,0,0,0,2006,119500
9240,1Fam,1Story,1962,2002,Hip,612,252,SB,1211,1,0,2,6,1,1972,2,576,161,0,0,2006,144000
8471,1Fam,SLvl,1977,1995,Gable,506,0,SB,1212,1,0,3,6,1,1978,2,492,292,12,0,2006,151000
9308,1Fam,1Story,1965,1965,Gable,554,430,SB,984,1,0,3,5,0,1965,1,310,0,0,0,2006,126000
8450,1Fam,1Story,1968,1968,Gable,162,450,SB,909,1,0,3,5,0,1968,1,294,0,155,0,2006,116000
8638,1Fam,1Story,1963,1963,Gable,181,744,SB,925,1,0,2,5,0,1990,2,484,203,74,0,2006,133500
13052,1Fam,1Story,1965,1965,Gable,712,312,SB,1024,1,1,3,5,0,1965,1,308,0,0,0,2006,120875
13526,1Fam,1Story,1965,1965,Hip,560,0,SB,935,1,0,3,5,0,1965,1,288,180,0,0,2006,137000
8020,1Fam,1Story,1964,1964,Gable,644,268,SB,912,1,0,3,6,0,0,0,0,0,0,0,2006,124000
6993,1Fam,1Story,1961,1994,Gable,465,447,SB,1236,1,0,3,6,1,1961,1,288,0,0,0,2006,135000
8789,1Fam,1Story,1967,1967,Gable,659,253,SB,941,1,0,3,6,1,1967,1,288,64,0,0,2006,129200
14330,1Fam,SLvl,1974,1974,Gable,1023,228,SB,2646,2,0,3,9,4,1974,2,550,641,100,800,2006,260000
16059,1Fam,2Story,1991,1992,Hip,0,1288,SB,2417,2,1,4,9,1,1991,2,462,127,82,0,2006,260000
11025,1Fam,2Story,1992,1993,Gable,1118,216,SB,2826,2,1,3,9,3,1992,3,888,177,208,0,2006,334000
14541,1Fam,2Story,1993,1993,Gable,1012,326,SB,2520,2,1,5,10,1,1993,3,796,209,55,0,2006,310000
13346,1Fam,2Story,1992,2000,Gable,728,367,SB,2295,2,1,4,9,1,1992,2,590,0,40,0,2006,268000
12461,1Fam,1Story,1994,1995,Gable,1456,168,SB,1624,2,0,2,5,1,1994,3,757,0,114,0,2006,262000
3628,TwnhsE,1Story,2004,2004,Gable,0,1143,SB,1143,1,1,1,5,1,2004,2,588,0,191,0,2006,176400
3316,TwnhsE,1Story,2005,2005,Gable,1039,208,SB,1247,1,1,1,4,1,2005,2,550,0,84,0,2006,197000
3180,TwnhsE,2Story,2005,2005,Gable,0,600,SB,1200,2,1,2,4,0,2005,2,480,0,166,0,2006,151000
2544,Twnhs,2Story,2005,2005,Gable,0,600,SB,1223,2,1,2,4,0,2005,2,480,0,166,0,2006,147400
2544,Twnhs,2Story,2005,2005,Gable,0,600,SB,1223,2,1,2,4,0,2005,2,480,0,166,0,2006,149900
3180,TwnhsE,2Story,2005,2005,Gable,0,600,SB,1200,2,1,2,4,0,2005,2,480,0,166,0,2006,144152
2998,TwnhsE,2Story,2000,2000,Gable,353,403,SB,1524,2,1,2,4,0,2000,2,440,0,32,0,2006,166000
3735,TwnhsE,2Story,1999,1999,Hip,450,241,SB,1452,2,1,3,6,0,1999,2,506,0,34,0,2006,183900
2651,Twnhs,2Story,2000,2000,Gable,641,32,SB,1382,2,1,3,6,0,2000,2,490,153,50,0,2006,165000
4447,TwnhsE,2Story,2003,2003,Gable,0,530,SB,1080,2,1,2,4,0,2003,2,496,0,50,0,2006,139000
8314,1Fam,2Story,1997,1998,Hip,0,569,SB,1694,2,1,3,6,1,1997,1,434,0,382,0,2006,2.00E+05
7180,1Fam,1Story,2001,2002,Gable,0,1568,SB,1568,2,0,3,6,1,2001,2,564,0,266,0,2006,221000
9549,TwnhsE,1Story,1995,1996,Hip,437,0,SB,1494,1,1,2,6,1,1995,2,481,0,30,0,2006,270000
11250,1Fam,1Story,1977,1977,Gable,767,441,SB,1208,1,1,3,6,1,1977,2,546,198,42,0,2006,165000
3760,Twnhs,1Story,1980,1980,Gable,1009,44,SB,1235,1,0,1,4,3,1980,2,484,133,78,0,2006,214000
3640,Twnhs,1Story,1980,1980,Gable,860,176,SB,1036,1,0,1,4,1,1980,2,484,133,108,0,2006,188000
3874,TwnhsE,1Story,1980,1980,Gable,807,419,SB,1226,1,0,1,4,1,1980,2,484,133,78,0,2006,190000
3876,Twnhs,1Story,1978,1978,Gable,652,48,SB,1226,1,0,1,4,1,1978,2,484,133,60,0,2006,170000
50271,1Fam,1Story,1981,1987,Gable,1810,32,SB,1842,0,1,0,5,1,1981,3,894,857,72,0,2006,385000
13110,2fmCon,1Story,1972,1972,Gable,962,191,SB,1193,2,0,2,6,0,1972,2,501,140,153,0,2006,146500
10192,1Fam,SLvl,1968,1992,Gable,0,570,SB,1920,3,0,4,8,1,1968,2,487,0,98,0,2006,170000
20781,1Fam,1Story,1968,2003,Hip,297,1203,SB,2156,2,0,3,9,1,1968,2,508,0,80,0,2006,262500
11700,1Fam,2Story,1968,1968,Gable,404,304,SB,1416,2,1,3,7,1,1968,2,776,0,169,0,2006,179900
11029,1Fam,2Story,1968,1984,Gable,619,435,SB,2654,2,1,4,9,1,1968,2,619,0,65,0,2006,250000
10400,1Fam,2Story,1972,1972,Gable,247,485,SB,1790,1,2,4,8,1,1972,2,484,148,0,0,2006,165150
10140,1Fam,1Story,1967,1967,Hip,553,713,SB,1334,2,0,3,7,0,1967,2,477,0,20,0,2006,164500
9600,1Fam,1Story,1969,1969,Hip,0,1164,SB,1164,1,1,3,6,0,1969,2,528,0,0,0,2006,140000
9750,1Fam,SLvl,1967,1967,Gable,400,100,SB,980,2,0,3,6,0,1967,1,384,68,0,0,2006,135500
9600,1Fam,1Story,1968,1968,Gable,758,293,SB,1051,1,0,3,6,0,1968,2,504,0,0,0,2006,142000
8640,1Fam,2Story,1968,1968,Gable,361,56,SB,1770,1,1,4,7,0,1968,2,530,0,60,0,2006,155000
9360,1Fam,1Story,1968,2004,Hip,760,216,SB,976,1,0,2,4,1,1968,2,504,94,0,0,2006,157500
8400,1Fam,1Story,1968,1968,Hip,1016,36,SB,1052,1,1,3,5,0,1968,1,288,356,0,0,2006,138500
8400,1Fam,SFoyer,1968,1968,Gable,744,89,SB,898,1,0,3,6,0,1968,1,326,143,0,0,2006,140000
9759,1Fam,1Story,1966,1966,Gable,799,252,SB,1051,1,0,3,6,0,1966,1,264,182,88,0,2006,124400
9600,1Fam,SLvl,1967,1967,Gable,602,137,SB,1141,1,0,3,6,0,1967,1,568,0,78,0,2006,158000
9230,1Fam,1Story,1965,1998,Hip,661,203,SB,1200,1,1,1,6,0,1977,2,884,0,64,0,2006,146000
14803,1Fam,2Story,1971,1971,Gable,416,409,SB,1993,2,1,4,8,1,1971,2,495,0,66,0,2006,190000
10659,1Fam,1Story,1961,1961,Hip,915,135,SB,1050,1,0,3,6,0,1961,1,368,0,319,0,2006,136500
9100,1Fam,1Story,1958,1958,Gable,521,169,SB,864,1,0,3,5,0,1964,2,624,0,0,0,2006,129900
8393,Duplex,1Story,1959,2005,Gable,528,1098,SB,1712,2,0,4,8,0,2005,2,588,272,54,0,2006,145000
8800,2fmCon,1Story,1965,2000,Hip,901,34,SB,1565,2,0,3,7,2,1965,1,299,200,25,0,2006,185900
8800,1Fam,1Story,1964,1964,Hip,553,698,SB,1251,1,0,3,6,2,1964,1,461,0,116,0,2006,160000
10368,1Fam,1Story,1964,1964,Hip,260,0,SB,1488,1,1,3,7,1,1964,2,430,154,60,0,2006,167000
9350,1Fam,2Story,1964,1964,Gable,360,360,SB,1440,1,1,4,7,1,1964,2,480,0,32,0,2006,157500
10382,2fmCon,SLvl,1958,1958,Hip,513,75,SB,1095,1,0,2,6,0,1958,1,264,0,0,0,2006,140000
8973,1Fam,1Story,1958,1991,Gable,567,413,FA,1053,1,1,3,6,0,1998,2,750,0,80,0,2006,150000
10800,1Fam,1Story,1960,1960,Hip,632,616,SB,1248,1,0,3,6,0,1960,1,286,0,0,0,2006,151500
8550,1Fam,1Story,1934,1950,Gable,574,242,SB,816,1,0,2,4,1,1949,1,240,228,0,0,2006,129800
11425,1Fam,1Story,1954,1954,Gable,486,522,SB,1008,1,0,2,4,1,1954,1,275,0,0,0,2006,137000
9724,1Fam,1Story,1947,1950,Hip,0,938,SB,1043,1,0,2,5,1,1947,1,273,125,48,0,2006,137000
4712,1Fam,1.5Fin,1946,1950,Gable,384,363,SB,1230,1,1,3,5,0,1946,1,305,0,57,0,2006,121600
5900,1Fam,1Story,1923,1958,Gable,0,440,FA,869,1,0,2,4,0,0,0,0,0,0,0,2006,85500
5825,1Fam,1Story,1926,1953,Gable,0,600,SB,747,1,0,1,5,0,1953,2,528,0,0,0,2006,79900
7438,1Fam,1.5Fin,1908,1991,Gable,0,504,SB,1252,1,0,3,5,0,1986,2,576,104,0,0,2006,127000
9600,1Fam,1Story,1961,1990,Gable,915,336,SB,1433,1,0,3,7,1,1961,2,441,144,0,0,2006,161000
10858,1Fam,1Story,1952,1952,Gable,40,1404,SB,1624,1,0,2,6,1,1952,1,240,0,40,0,2006,146500
9600,1Fam,1Story,1951,1951,Gable,996,60,FA,1216,1,0,3,7,0,1951,1,280,0,0,0,2006,135000
10680,1Fam,1Story,1951,1951,Hip,756,1380,FA,2136,2,0,4,7,0,1951,2,528,0,30,0,2006,137900
9490,1Fam,1.5Fin,1941,1950,Gable,403,238,FA,1578,1,0,3,5,2,1941,1,240,0,0,0,2006,133000
9462,1Fam,2Story,1949,1973,Gable,0,704,FA,1728,1,1,3,7,1,1949,1,234,245,60,0,2006,137000
9888,1Fam,1Story,1954,1975,Gable,486,450,FA,936,1,0,2,5,0,1954,1,240,0,0,0,2006,121000
8917,Duplex,1Story,1967,1967,Gable,0,1584,SB,1584,2,0,4,8,0,1967,2,506,0,0,0,2006,119000
12700,1Fam,SLvl,1964,1964,Gable,939,307,SB,1246,1,0,3,6,2,1964,2,441,0,69,0,2006,172000
8500,1Fam,1Story,1961,1961,Hip,600,635,SB,1235,1,0,2,6,0,1961,2,480,0,0,0,2006,98600
14200,1Fam,2Story,1966,1966,Gable,445,479,SB,2157,2,1,4,8,2,1966,2,487,105,66,0,2006,226000
9000,1Fam,1Story,1954,1954,Gable,812,124,SB,1128,1,0,2,5,0,1954,1,286,0,0,0,2006,118000
25419,1Fam,2Story,1918,1990,Gable,1036,140,SB,3112,2,0,4,8,1,1918,2,795,0,16,512,2006,235000
9723,1Fam,1Story,1963,1963,Hip,0,1008,SB,1008,1,0,2,5,0,1963,2,430,0,0,0,2006,135000
7728,Duplex,SLvl,1962,1962,Hip,803,303,SB,1190,1,0,3,6,0,1962,2,540,0,18,0,2006,132500
8163,1Fam,SLvl,1959,1959,Gable,748,102,SB,1144,1,0,3,6,1,1959,1,796,86,0,0,2006,143000
8400,1Fam,1Story,1957,1957,Gable,623,556,SB,1364,1,1,3,6,1,1957,1,331,0,60,0,2006,132000
11600,1Fam,1Story,1960,1960,Hip,565,818,SB,1383,1,1,3,7,0,1960,1,292,0,45,0,2006,145250
9610,1Fam,1Story,1958,1958,Hip,203,918,FA,1336,1,1,3,7,1,1958,2,488,80,0,0,2006,162000
10000,1Fam,SLvl,1956,1956,Hip,678,99,SB,1370,1,0,3,6,1,1956,1,300,191,0,0,2006,148000
14850,1Fam,1Story,1957,1957,Gable,895,197,FA,1092,1,0,2,6,1,1957,1,299,268,0,0,2006,141000
10152,1Fam,1Story,1956,1994,Gable,914,210,SB,1124,1,0,3,6,1,1956,1,353,0,211,0,2006,153000
10011,1Fam,1Story,1957,1996,Gable,360,710,SB,1236,1,0,2,6,1,1957,1,447,0,0,0,2006,134450
7032,Duplex,SFoyer,1979,1979,Gable,943,0,SB,943,1,0,2,4,2,1979,2,600,42,0,0,2006,135960
8092,1Fam,1Story,1954,2000,Hip,824,226,SB,1050,1,0,3,6,0,1954,1,286,0,0,0,2006,156000
11310,1Fam,1Story,1954,1954,Hip,0,1367,SB,1375,1,0,2,5,1,1954,2,451,0,30,0,2006,140000
12778,1Fam,1Story,1952,2003,Gable,658,350,FA,1008,1,0,2,4,0,1952,1,280,0,154,0,2006,139500
10170,1Fam,1Story,1951,1951,Hip,0,216,SB,1575,1,1,2,5,1,1951,2,400,0,0,0,2006,155000
7700,1Fam,SLvl,1956,1956,Gable,271,30,FA,1145,1,0,3,6,0,1993,2,684,0,0,0,2006,127000
11050,1Fam,1Story,1956,1956,Hip,488,517,SB,1005,1,0,2,6,1,1956,1,319,0,0,0,2006,133500
13600,1Fam,1Story,1955,1955,Gable,144,0,SB,1056,1,1,3,6,0,1955,1,300,0,0,0,2006,125000
15428,1Fam,1Story,1951,1991,Hip,741,143,SB,884,1,0,2,4,0,1951,1,270,0,0,0,2006,142000
21299,1Fam,1Story,1941,1963,Hip,0,929,SB,2039,1,1,3,7,3,1941,3,791,0,0,0,2006,167000
13300,1Fam,1Story,1956,2001,Hip,494,521,SB,1384,1,0,2,6,0,2001,2,896,75,0,0,2006,159000
22136,2fmCon,1.5Fin,1925,1975,Gable,1018,1153,SB,2640,2,1,5,10,1,1977,3,1008,631,48,0,2006,180000
7500,1Fam,1.5Fin,1947,1950,Gable,0,784,FA,1312,1,1,3,6,0,1953,2,649,0,28,0,2006,127000
7000,1Fam,1.5Fin,1924,1950,Gable,617,0,SB,1310,2,0,2,6,0,1924,1,398,0,0,0,2006,112000
10410,1Fam,1Story,1930,2001,Gable,0,713,SB,713,1,0,2,5,0,1936,1,371,0,75,0,2006,99800
5400,1Fam,1Story,1954,2000,Gable,415,418,SB,833,1,0,2,4,0,1955,1,326,0,0,0,2006,117000
5400,1Fam,1Story,1921,1968,Gable,0,1073,SB,1073,1,0,2,4,0,1968,1,326,0,0,0,2006,108480
10914,1Fam,1Story,1929,1950,Hip,0,715,FP,715,1,0,2,4,0,1967,2,660,0,0,0,2006,68000
7008,1Fam,1.5Fin,1900,1998,Gable,0,448,SB,720,1,0,1,5,0,1900,1,280,0,0,0,2006,86900
10800,1Fam,1Story,1920,1950,Hip,821,299,SB,1130,1,0,2,5,1,1970,2,720,229,0,0,2006,120000
7200,1Fam,2Story,1915,1950,Gable,338,325,SB,1595,2,0,3,7,1,1974,2,528,49,0,0,2006,155500
10818,1Fam,1.5Fin,1910,1950,Gable,0,1077,FA,1760,1,1,4,7,1,1935,2,648,120,0,0,2006,80000
10410,1Fam,1.5Fin,1915,1950,Gable,0,672,SB,1214,1,0,3,6,0,1998,3,936,216,0,0,2006,105000
10800,2fmCon,1.5Fin,1900,1970,Gable,664,290,FA,2414,2,0,3,10,1,1970,2,520,142,0,0,2006,160000
10800,1Fam,1.5Fin,1936,1989,Gable,626,170,SB,1466,2,0,3,7,1,1950,2,566,436,21,0,2006,170000
8658,1Fam,1Story,1965,1965,Gable,643,445,SB,1324,2,0,3,6,1,1965,2,440,0,138,0,2006,160000
13400,1Fam,SLvl,1966,1966,Gable,516,380,SB,1086,1,0,3,6,1,1966,2,484,0,0,0,2006,159950
10184,1Fam,SLvl,1963,1963,Gable,580,503,SB,1146,1,0,3,6,1,1963,1,294,345,75,0,2006,165000
9786,1Fam,1.5Fin,1962,1981,Gable,600,312,SB,1734,1,1,3,7,1,1962,2,440,0,0,0,2006,159000
9510,1Fam,1Story,1962,1985,Gable,701,434,SB,1207,1,1,3,6,0,1962,1,264,0,240,0,2006,147000
7800,1Fam,1Story,1964,1964,Gable,312,0,SB,912,1,0,2,5,0,1964,1,288,0,0,0,2006,115000
8910,1Fam,1Story,1959,1959,Hip,655,0,SB,1194,1,0,3,6,1,1954,2,539,0,0,0,2006,159500
7332,1Fam,1Story,1959,1959,Gable,414,450,SB,864,1,0,2,4,0,1959,1,288,168,0,0,2006,120000
7100,1Fam,1Story,1957,1957,Gable,708,108,FA,816,1,0,2,5,0,1957,1,308,0,0,0,2006,129900
10800,1Fam,1Story,1961,1992,Gable,913,400,SB,1773,2,0,3,6,2,1961,2,418,355,98,0,2006,183000
11650,1Fam,1Story,1959,1959,Hip,0,0,FA,1472,2,0,2,5,1,1959,2,484,0,68,0,2006,157500
18275,1Fam,2Story,1962,1998,Gable,636,802,SB,2448,3,0,3,9,2,1962,2,441,520,102,0,2006,277500
16321,1Fam,1Story,1957,1997,Gable,1277,207,SB,1600,1,0,2,6,2,1957,1,319,288,258,0,2006,207500
12144,1Fam,1.5Fin,1950,1950,Gable,455,455,SB,1521,1,1,3,6,0,1950,1,597,199,0,0,2006,147500
10800,1Fam,1.5Fin,1949,1950,Gable,0,720,FA,1192,1,1,4,6,0,0,0,0,0,0,0,2006,135000
7200,1Fam,1Story,1950,1950,Hip,0,0,FF,1040,1,0,2,5,0,1950,2,625,0,0,0,2006,109500
7200,1Fam,1Story,1950,1950,Gable,0,0,FA,1040,1,0,2,4,0,1950,2,420,0,29,0,2006,109900
7560,1Fam,1Story,1959,1959,Gable,369,671,FA,1040,1,0,3,6,0,1959,1,286,140,0,0,2006,133700
8544,Duplex,1Story,1950,1950,Gable,0,0,FF,1040,2,0,2,6,0,1950,2,400,0,0,0,2006,81400
8544,Duplex,1Story,1949,1950,Gable,0,0,FA,1040,2,0,2,6,0,1949,2,400,0,0,0,2006,87500
8544,Duplex,1Story,1950,1950,Gable,0,0,FF,1040,2,0,2,6,0,1949,2,400,0,0,0,2006,93500
8512,Duplex,1Story,1960,1960,Hip,0,1556,SB,1556,2,0,4,8,0,0,0,0,0,0,0,2006,119000
7945,1Fam,1Story,1959,1959,Gable,179,465,FA,1150,1,0,3,6,0,1959,1,300,0,0,0,2006,141000
7000,1Fam,1Story,1961,1961,Hip,781,369,SB,1150,1,0,3,6,0,1961,1,288,0,0,0,2006,146000
7590,1Fam,2Story,1966,1966,Gable,512,148,SB,1348,1,1,3,6,1,1966,2,453,188,108,0,2006,155000
10205,1Fam,SFoyer,1962,1962,Gable,784,141,SB,999,1,0,3,6,0,1962,1,300,150,72,0,2006,134500
7400,1Fam,1Story,1962,1962,Gable,809,236,SB,1045,1,0,3,6,0,1962,2,528,0,0,0,2006,120000
7000,1Fam,1Story,1962,1962,Gable,468,396,SB,864,1,0,3,5,0,1962,1,336,0,0,0,2006,105000
7000,2fmCon,SFoyer,1962,1962,Gable,953,72,SB,1025,1,0,3,6,0,0,0,0,96,80,0,2006,124000
9856,1Fam,2Story,1900,2005,Hip,0,716,FA,2014,2,0,5,8,0,1900,2,624,0,72,0,2006,169000
9906,1Fam,2Story,1925,1950,Gable,0,686,SB,1328,1,0,3,8,0,1940,1,210,0,172,0,2006,107000
9600,1Fam,1.5Fin,1948,1950,Gable,276,936,FA,1668,1,0,3,6,0,1948,1,240,0,0,0,2006,135000
5520,1Fam,1.5Fin,1920,1980,Gable,284,863,SB,1657,1,0,4,9,1,1920,1,162,0,0,0,2006,111500
9600,1Fam,1.5Fin,1900,2004,Gable,381,399,SB,1416,1,0,3,7,0,1956,2,400,0,24,0,2006,156500
9600,1Fam,2Story,1925,1990,Gable,16,712,SB,1641,1,1,3,6,1,1925,2,546,0,0,0,2006,178000
6451,1Fam,2Story,1900,1970,Gable,208,504,SB,1428,1,0,4,7,0,1985,2,576,264,0,0,2006,139900
3960,1Fam,2Story,1930,1950,Gable,0,502,SB,1004,1,0,2,5,1,1930,1,200,280,0,0,2006,105000
5684,1Fam,1Story,1930,2005,Hip,0,813,FA,813,1,0,2,5,0,1932,1,270,0,113,0,2006,110000
7745,2fmCon,1.5Fin,1900,1950,Gable,0,938,SB,1951,2,0,4,9,0,1993,2,576,0,6,0,2006,111500
7741,1Fam,1Story,1924,1950,Gable,143,817,FA,1032,1,0,2,5,0,1995,1,280,0,0,0,2006,108000
5633,1Fam,1Story,1925,1950,Gable,0,844,SB,844,1,0,2,5,0,1925,1,216,50,81,0,2006,111500
9000,1Fam,2Story,1880,1991,Gable,0,636,FA,1750,1,0,3,8,0,1937,1,240,0,0,0,2006,124000
7200,1Fam,1Story,1950,1950,Gable,0,576,SB,864,1,0,2,5,0,1952,1,528,0,0,0,2006,105000
4400,1Fam,1.5Fin,1920,1950,Gable,0,648,FA,1118,1,0,2,6,0,1990,2,440,0,0,0,2006,116000
7614,1Fam,2Story,1905,1950,Gable,0,738,FA,1376,1,0,2,7,0,1930,1,216,0,0,0,2006,96900
6000,2fmCon,1Story,1955,1955,Hip,576,384,FA,960,1,0,3,5,0,1976,2,576,0,0,0,2006,135500
6000,1Fam,1.5Fin,1924,1950,Gable,0,816,SB,1566,1,1,5,7,0,1976,2,450,24,0,0,2006,139000
9576,1Fam,1.5Fin,1945,1950,Gable,310,460,SB,1182,1,1,3,5,0,1945,1,378,0,0,0,2006,120000
5820,1Fam,1Story,1955,2005,Gable,256,906,SB,1163,1,0,3,6,0,1955,1,220,142,98,0,2006,126175
5747,1Fam,1Story,1920,1950,Gable,0,798,SB,840,1,0,2,5,0,1938,1,250,112,0,0,2006,64000
9142,2fmCon,2Story,1910,1950,Gable,0,1020,FP,1928,2,0,4,9,0,1910,1,440,0,60,0,2006,137000
9600,1Fam,2Story,1900,1950,Gable,0,1095,SB,1774,2,0,4,8,0,1920,3,779,0,0,0,2006,87000
10800,1Fam,2.5Unf,1914,1970,Gable,390,490,SB,1768,1,1,2,6,2,1914,2,320,0,341,0,2006,163000
6300,1Fam,2.5Unf,1910,2005,Gable,0,1226,SB,2104,2,0,5,9,0,1910,2,432,0,341,0,2006,155000
5000,1Fam,1.5Fin,1900,1950,Gable,0,540,FA,1440,1,0,3,6,0,1940,1,352,0,0,0,2006,79000
8850,1Fam,2.5Unf,1916,1950,Gable,0,815,SB,1690,1,0,3,7,1,1916,1,225,0,0,0,2006,144000
3600,1Fam,2Story,1910,1993,Gable,0,684,FA,1368,1,0,3,7,0,1930,1,216,0,158,0,2006,114504
7200,1Fam,2Story,1920,1950,Hip,0,596,SB,1762,1,1,4,8,0,1989,2,576,36,0,0,2006,157000
11340,1Fam,1Story,1923,1950,Gable,0,1200,FA,1200,1,0,4,7,0,1923,1,312,0,0,0,2006,125000
5976,Duplex,2Story,1920,1950,Hip,0,624,FA,1248,2,0,2,8,0,0,0,0,0,130,0,2006,93500
9750,1Fam,1Story,1958,1958,Hip,0,960,SB,960,1,0,3,5,0,2002,2,624,0,0,0,2006,125000
4761,1Fam,1.5Unf,1918,1950,Gable,0,1020,FP,1020,1,0,2,5,0,0,0,0,0,0,0,2006,64500
7446,1Fam,1Story,1941,1950,Gable,266,522,FA,788,1,0,2,4,2,0,0,0,0,0,0,2006,1.00E+05
6435,1Fam,1.5Fin,1939,1950,Gable,0,972,SB,1577,1,0,3,6,1,1939,1,312,0,0,0,2006,140200
11737,1Fam,2Story,1924,1996,Gambrel,0,848,SB,1827,1,0,2,9,1,1943,1,240,27,36,0,2006,202500
5000,1Fam,1.5Fin,1947,1950,Gable,399,605,SB,1664,2,0,3,7,2,1950,2,420,0,24,0,2006,159000
7800,2fmCon,1.5Fin,1939,1950,Gable,507,286,SB,1118,1,0,3,5,1,1939,2,410,0,0,0,2006,119900
6240,1Fam,1.5Fin,1934,1950,Gable,0,816,SB,1176,1,0,3,6,1,1985,2,528,112,0,0,2006,114500
6240,1Fam,1.5Fin,1936,1950,Gable,0,896,FA,1344,1,0,3,7,0,1936,1,240,200,114,0,2006,115000
6120,1Fam,1.5Fin,1930,1950,Gable,347,381,SB,1162,1,0,3,6,0,1930,1,258,0,24,0,2006,75000
6120,1Fam,1Story,1925,1950,Gable,489,279,SB,1015,1,0,3,6,0,1925,1,450,0,0,0,2006,88000
6240,1Fam,1.5Fin,1947,1950,Gable,0,0,SB,912,1,0,2,3,0,0,0,0,0,0,0,2006,80500
6240,1Fam,1.5Fin,1928,1950,Gable,0,1042,SB,1576,1,0,3,8,1,1928,1,225,0,0,0,2006,149000
6120,1Fam,1.5Fin,1930,1984,Gable,0,741,SB,1324,1,0,3,7,0,1930,1,180,0,0,0,2006,110000
6000,1Fam,1Story,1925,1980,Gable,397,706,SB,1103,1,0,2,5,1,1976,2,440,166,120,0,2006,110500
6000,1Fam,1Story,1921,1950,Gable,616,0,SB,616,1,0,2,4,0,1921,1,205,0,0,0,2006,89000
6380,1Fam,1.5Unf,1922,1950,Gable,0,993,FA,1048,1,0,2,5,1,1922,1,280,0,0,0,2006,113000
11672,1Fam,1Story,1925,1950,Gable,0,816,FA,816,1,0,2,4,0,1925,1,210,168,0,0,2006,109000
33120,1Fam,1.5Fin,1962,1962,Gable,0,1595,SB,2486,2,0,5,8,1,1962,2,576,0,0,0,2006,220000
9873,2fmCon,1Story,1970,1970,Gable,789,171,SB,960,1,0,3,6,0,1970,2,576,0,288,0,2006,129000
5310,1Fam,1.5Fin,1910,2003,Hip,0,485,SB,1635,1,0,2,5,0,1950,1,255,394,0,0,2006,117000
7518,1Fam,2Story,1910,2004,Gable,0,396,SB,1330,1,0,3,7,0,2001,1,390,0,72,0,2006,116500
9000,1Fam,1Story,1919,1950,Gable,0,610,FA,819,1,0,2,4,0,0,0,0,0,0,0,2006,72000
8600,1Fam,1.5Fin,1937,1950,Gable,0,780,SB,1376,2,0,3,7,1,1937,1,198,0,0,0,2006,119500
7200,1Fam,1.5Fin,1938,1995,Gable,0,803,SB,1360,1,1,2,6,0,1951,1,297,0,65,0,2006,125500
9786,1Fam,1Story,1922,1950,Hip,0,1007,SB,1077,1,0,3,6,1,1922,1,210,0,100,0,2006,91000
6780,2fmCon,1.5Fin,1935,1982,Gable,490,30,SB,754,1,0,2,5,0,0,0,0,53,0,0,2006,84500
7200,1Fam,1Story,1930,1950,Gable,343,641,FF,984,1,0,3,6,0,1930,1,308,0,0,0,2006,90000
12375,1Fam,1.5Fin,1951,1951,Gable,329,477,SB,1422,1,0,3,7,1,1951,1,288,0,0,0,2006,137500
11136,Duplex,1Story,1964,1964,Gable,0,1921,SB,1921,2,0,4,8,0,1964,2,576,0,180,0,2006,150000
21370,1Fam,1Story,1950,1950,Gable,0,0,FA,1640,1,0,3,7,1,1950,2,394,0,0,0,2006,131000
6930,1Fam,SLvl,1958,1958,Hip,300,468,FF,1352,1,0,3,6,0,1958,1,288,168,0,0,2006,130000
8250,1Fam,1Story,1935,1950,Gable,0,0,SB,1032,1,0,2,6,1,1939,1,260,0,0,0,2006,125000
5220,1Fam,1Story,1936,1950,Gable,0,830,SB,879,1,0,2,4,0,1936,1,180,0,108,0,2006,80000
5500,1Fam,1Story,2004,2004,Shed,510,190,SB,1073,2,0,2,4,0,2004,1,246,0,120,0,2006,157000
11235,1Fam,1Story,1963,1979,Gable,547,504,SB,1382,1,1,3,6,1,1974,2,459,0,82,0,2006,148000
10791,Duplex,1Story,1967,1967,Gable,0,0,SB,1296,2,0,2,6,0,1967,2,516,0,0,0,2006,90000
8414,1Fam,1Story,1963,2003,Hip,663,396,SB,1068,1,0,3,6,0,1963,1,264,192,0,0,2006,154500
11327,1Fam,1Story,1967,1967,Hip,779,285,SB,1064,1,0,3,6,1,1967,2,528,314,48,0,2006,153600
11777,1Fam,SLvl,1966,1966,Gable,328,285,SB,1320,1,0,3,6,2,1966,2,564,160,68,0,2006,164500
10366,1Fam,SLvl,1964,1964,Gable,456,456,SB,934,1,0,2,4,0,1964,1,336,77,0,0,2006,132000
9000,1Fam,1Story,1966,1966,Gable,773,286,SB,1059,1,0,3,6,0,1966,1,286,0,88,0,2006,142500
11553,1Fam,1Story,1968,1968,Hip,673,378,SB,1159,1,1,3,7,1,1968,1,336,466,0,0,2006,158000
7844,1Fam,2Story,1978,1978,Hip,209,463,SB,1400,1,1,3,6,1,1978,2,440,0,0,0,2006,149500
9535,1Fam,1Story,1967,1967,Gable,194,0,SB,1458,1,1,3,7,1,1967,2,512,284,0,0,2006,165000
10335,1Fam,1Story,1968,1993,Gable,570,891,SB,1721,2,1,3,7,1,1968,2,440,0,96,0,2006,180000
7176,1Fam,SLvl,1978,1978,Gable,794,166,SB,1040,1,0,3,6,1,1979,2,616,131,0,0,2006,160500
9662,Duplex,1Story,1977,1977,Gable,0,1967,SB,1967,2,0,6,10,0,1977,2,580,170,0,0,2006,156500
8235,Duplex,1Story,1977,1977,Gable,483,1466,SB,1949,2,0,6,10,0,1977,2,586,32,0,0,2006,157000
13650,1Fam,1.5Fin,1958,1958,Gable,57,554,SB,1920,2,0,4,8,1,1958,2,451,0,0,0,2006,172500
13125,1Fam,1Story,1957,2000,Gable,168,284,SB,1803,2,0,3,8,1,1957,2,484,0,0,0,2006,155000
17920,1Fam,1Story,1955,1974,Hip,306,372,SB,1779,1,1,3,6,1,1955,2,454,0,418,0,2006,170000
17529,1Fam,1Story,1924,1950,Gable,0,872,FF,872,1,0,2,5,1,1924,1,322,0,0,0,2006,105000
10246,1Fam,SLvl,1965,2001,Gable,648,0,SB,960,0,0,0,3,0,1965,1,364,88,0,0,2006,145000
14175,1Fam,1Story,1956,1987,Gable,988,200,SB,1437,1,1,3,6,1,1999,2,576,304,0,0,2006,168000
20355,1Fam,1Story,1967,1967,Gable,810,229,SB,1830,1,0,2,6,2,1967,2,521,0,115,0,2006,278000
13050,1Fam,1Story,1963,1963,Flat,104,46,SB,1000,1,0,1,4,2,1993,2,575,238,0,0,2006,164000
15593,1Fam,1.5Fin,1953,1953,Gable,603,701,SB,2287,2,0,3,7,1,1953,2,667,0,21,0,2006,225000
10820,1Fam,SFoyer,1971,1972,Gable,535,88,SB,810,1,0,2,4,0,1973,2,576,0,0,0,2006,130000
13350,1Fam,1Story,1974,1974,Hip,762,102,SB,894,1,0,3,5,1,1974,2,440,241,0,0,2006,142500
1700,Twnhs,1.5Fin,1980,1981,Gable,397,33,SB,1700,2,1,2,7,0,1980,1,450,188,36,0,2006,148400
5271,1Fam,1Story,1986,1986,Gable,1082,371,SB,1453,1,1,2,6,1,1986,2,445,0,80,0,2006,190000
9375,1Fam,1Story,1954,1954,Gable,799,168,SB,1350,1,1,3,6,1,1954,2,504,237,0,0,2006,146000
6488,1Fam,1.5Fin,1942,1950,Gable,230,569,FA,1150,1,0,3,6,2,1942,1,215,264,0,0,2006,128000
7800,1Fam,2Story,1948,2002,Gable,603,293,SB,2008,3,0,3,8,0,1948,1,230,103,0,0,2006,225000
19690,1Fam,SLvl,1966,1966,Flat,0,697,SB,2201,2,0,4,8,1,1966,2,432,586,236,738,2006,274970
19950,1Fam,2Story,1928,1950,Gable,0,672,SB,2009,2,0,4,8,2,1928,3,795,0,42,0,2006,235000
19800,1Fam,2.5Unf,1935,1990,Gable,425,1411,SB,3672,3,1,5,7,2,1993,2,836,684,80,0,2006,415000
11679,1Fam,SLvl,1962,1962,Gable,612,0,SB,1560,2,0,3,6,1,1962,2,528,453,253,0,2006,182000
12048,1Fam,1Story,1952,2002,Gable,0,0,SB,1488,1,0,3,7,1,2002,2,569,0,189,0,2006,135000
10519,1Fam,1Story,1955,1999,Hip,0,1057,SB,1057,1,0,3,6,0,1955,1,288,0,0,0,2006,137000
9525,1Fam,1.5Fin,1954,1972,Gable,444,550,SB,1855,2,0,4,7,0,1954,1,325,182,0,0,2006,136900
9525,1Fam,1.5Fin,1953,1953,Gable,468,532,SB,1609,1,1,5,7,0,1953,1,305,0,0,0,2006,149900
6420,1Fam,1Story,1952,1952,Gable,210,219,FA,1148,1,0,2,6,0,1952,1,308,0,0,0,2006,123500
8335,1Fam,1Story,1954,1954,Gable,0,0,SB,1124,1,0,3,5,1,0,0,0,0,36,0,2006,93000
7585,1Fam,1.5Fin,1948,1950,Gable,0,810,FA,1456,1,0,4,7,1,1954,1,280,0,0,0,2006,91500
11200,1Fam,1Story,1985,1985,Gable,1258,40,SB,1298,2,0,3,5,1,1985,2,403,165,26,0,2006,180000
12128,1Fam,2Story,1989,1989,Gable,549,319,SB,2559,2,1,4,9,1,1989,2,506,0,245,0,2006,209000
9554,1Fam,2Story,1993,1994,Gable,380,397,SB,1911,2,1,3,8,1,1993,2,471,182,81,0,2006,215000
9069,Duplex,SFoyer,1993,1993,Gable,261,0,SB,1440,2,0,2,8,0,1993,4,920,288,0,0,2006,224500
11003,1Fam,2Story,2005,2006,Gable,0,1308,SB,1876,2,1,3,7,0,2005,3,848,0,40,0,2006,229800
7488,1Fam,1Story,2005,2005,Gable,393,815,SB,1208,2,0,2,6,0,2005,2,632,105,58,0,2006,183600
7406,1Fam,1Story,2006,2006,Gable,684,515,SB,1220,2,0,2,6,0,2006,2,632,105,54,0,2006,194000
6762,1Fam,1Story,2006,2006,Gable,0,1286,SB,1294,2,0,2,6,1,2006,2,662,168,55,0,2006,193879
11210,1Fam,1Story,2005,2006,Gable,20,1594,SB,1614,2,0,3,7,0,2005,3,865,144,59,0,2006,221500
8990,1Fam,1Story,2006,2006,Gable,0,1498,SB,1498,2,0,2,5,0,2006,2,675,351,33,0,2006,204900
8760,1Fam,2Story,2006,2006,Gable,464,927,SB,1962,2,1,3,7,0,2006,3,868,0,90,0,2006,239799
13377,1Fam,1Story,2006,2006,Hip,1576,260,SB,1846,2,0,3,7,1,2006,2,495,0,32,0,2006,233555
11645,1Fam,1Story,2005,2005,Gable,1300,434,SB,1734,2,0,3,7,0,2005,2,660,160,24,0,2006,260000
11645,1Fam,1Story,2005,2006,Hip,1122,448,SB,1590,2,1,2,6,0,2005,3,754,176,80,0,2006,294900
10984,1Fam,2Story,2005,2006,Gable,0,945,SB,1809,2,1,3,8,0,2005,2,638,144,54,0,2006,209700
9316,1Fam,1Story,2005,2005,Gable,56,1558,SB,1614,2,0,3,7,1,2005,2,576,100,45,0,2006,225000
9316,1Fam,2Story,2005,2005,Gable,0,784,SB,1596,2,1,3,6,0,2005,2,610,144,45,0,2006,181000
10041,1Fam,2Story,1992,1992,Gable,789,119,SB,1915,2,1,3,8,1,1992,2,506,120,150,0,2006,220000
36500,1Fam,1Story,1964,1964,Gable,812,812,SB,1582,2,0,4,7,0,1964,2,390,168,198,0,2006,190000
21453,1Fam,SLvl,1969,1969,Flat,938,0,SB,988,1,0,1,4,2,1969,2,540,0,130,0,2006,180000
70761,1Fam,1Story,1975,1975,Gable,655,878,SB,1533,2,0,2,5,2,1975,2,576,200,54,0,2006,280000
12000,1Fam,1Story,1968,1968,Gable,853,535,SB,1388,2,0,3,6,1,1968,2,522,0,58,0,2006,158900
8846,1Fam,SFoyer,1996,1996,Gable,298,572,SB,914,1,0,2,5,0,1998,2,576,0,0,0,2006,148000
13015,1Fam,1Story,1996,1996,Gable,0,1100,SB,1100,1,1,3,5,0,1996,2,462,0,0,0,2006,145000
12438,1Fam,2Story,1995,1995,Gable,0,781,SB,1499,2,1,3,6,1,1995,2,473,413,91,0,2006,187000
8685,1Fam,1Story,1998,1998,Gable,846,579,SB,1425,2,0,3,5,0,1998,2,591,0,130,0,2006,193000
13568,1Fam,1Story,1995,1995,Gable,716,274,SB,990,1,0,3,5,0,1996,2,576,224,0,0,2006,156000
9100,1Fam,1Story,2000,2000,Gable,1400,125,SB,1525,2,0,3,6,0,2000,2,541,219,36,0,2006,235000
9236,1Fam,1Story,1997,1997,Gable,1200,279,SB,1494,2,0,3,6,0,1997,2,576,168,27,0,2006,217000
10264,1Fam,1Story,1999,1999,Gable,1162,426,SB,1588,2,0,3,6,0,1999,2,472,158,29,0,2006,214000
9272,1Fam,2Story,1999,1999,Gable,500,342,SB,1749,2,1,3,7,0,1999,2,515,140,85,0,2006,196000
13426,1Fam,2Story,1999,2000,Gable,894,57,SB,1779,2,1,3,7,1,1999,2,586,208,107,0,2006,217000
13450,1Fam,2Story,2002,2002,Gable,700,216,SB,1861,2,1,3,8,0,2002,2,492,146,91,0,2006,2.00E+05
13704,1Fam,1Story,2001,2002,Gable,0,1541,SB,1541,2,0,3,6,1,2001,3,843,468,81,0,2006,205000
10780,1Fam,SLvl,1976,1976,Gable,483,428,SB,954,1,0,3,6,0,1976,2,576,0,0,0,2006,132500
8340,1Fam,2Story,1977,1977,Gable,509,166,SB,1388,1,1,3,6,0,1977,1,317,406,36,0,2006,157500
10385,1Fam,SLvl,1978,1978,Gable,595,0,SB,1282,2,0,3,6,0,1989,3,672,386,0,0,2006,174000
9920,1Fam,1Story,1969,1969,Gable,523,448,SB,971,1,1,3,5,1,1969,1,300,0,0,0,2006,128500
9560,1Fam,1Story,1972,1972,Hip,360,504,SB,864,1,0,3,5,0,1972,1,288,0,0,0,2006,128500
9800,1Fam,1Story,1972,1972,Gable,894,0,SB,894,1,0,3,5,0,1975,2,552,256,0,0,2006,149900
7200,1Fam,1Story,1972,1972,Gable,437,427,SB,864,1,0,3,5,0,1977,1,297,0,0,0,2006,119900
11367,1Fam,2Story,2002,2002,Gable,932,133,SB,1989,2,1,3,7,1,2002,2,586,199,60,0,2006,255000
9930,1Fam,2Story,2002,2002,Gable,456,370,SB,1762,2,1,3,6,0,2002,2,591,320,54,0,2006,222000
9468,1Fam,2Story,1999,1999,Gable,639,201,SB,1755,2,1,3,7,1,1999,2,530,176,73,0,2006,214000
11088,1Fam,1Story,2002,2002,Hip,872,476,SB,1358,1,1,1,5,1,2002,2,418,68,166,0,2006,220000
14781,1Fam,1Story,2001,2002,Hip,0,1753,SB,1787,2,0,3,7,1,2001,3,748,198,150,0,2006,275000
8726,1Fam,2Story,2002,2002,Gable,0,872,SB,1909,2,1,4,8,0,2002,2,529,0,108,0,2006,197000
8125,1Fam,1Story,2002,2002,Gable,986,668,SB,1654,2,0,3,6,0,2002,3,900,0,136,0,2006,230000
10566,1Fam,2Story,1999,1999,Gable,920,170,SB,2214,2,1,3,8,1,1999,3,646,197,80,0,2006,268500
21533,1Fam,2Story,1996,1997,Gable,0,1065,SB,2049,2,1,4,9,1,1997,2,467,120,48,0,2006,210900
11250,1Fam,2Story,1998,1998,Gable,796,258,SB,1939,2,1,3,8,1,1998,3,555,128,84,0,2006,227000
11250,1Fam,2Story,1995,1996,Gable,685,245,SB,1995,2,1,4,8,1,1995,2,610,275,170,0,2006,237000
9750,1Fam,2Story,1998,1998,Gable,975,133,SB,2097,2,1,3,8,1,1998,2,583,253,170,0,2006,274300
9100,1Fam,1Story,2004,2005,Hip,24,1836,SB,1836,2,0,3,8,1,2004,2,484,120,33,0,2006,216837
4435,TwnhsE,1Story,2003,2003,Gable,717,131,SB,848,1,0,1,4,0,2003,2,420,140,0,0,2006,133000
4435,TwnhsE,1Story,2004,2004,Gable,662,186,SB,848,1,0,1,3,1,2004,2,420,140,0,0,2006,155900
15611,1Fam,2Story,2006,2006,Gable,0,1079,SB,1919,2,1,3,8,1,2006,2,685,0,51,0,2006,233230
8810,1Fam,1Story,2003,2003,Gable,1000,390,SB,1390,2,0,3,7,0,2003,2,545,0,68,0,2006,207000
12393,1Fam,2Story,2004,2005,Gable,0,847,SB,1948,2,1,4,8,1,2004,2,434,100,48,0,2006,195000
9135,1Fam,1Story,2003,2003,Gable,340,1342,SB,1700,2,0,3,7,0,2003,2,544,192,23,0,2006,2.00E+05
8581,1Fam,2Story,2006,2006,Gable,0,851,SB,1737,2,1,3,7,0,2006,2,578,0,105,0,2006,203160
8400,1Fam,2Story,2005,2005,Gable,0,784,SB,1611,2,1,3,6,0,2005,2,572,144,36,0,2006,195800
10084,1Fam,1Story,2005,2006,Gable,24,1528,SB,1552,2,0,3,7,0,2005,3,782,144,20,0,2006,212900
11645,1Fam,2Story,2004,2004,Gable,0,860,SB,1720,2,1,3,7,0,2004,2,565,0,70,0,2006,196500
8772,1Fam,1Story,2005,2006,Gable,996,340,SB,1336,2,0,3,6,0,2005,2,502,136,43,0,2006,198000
8846,1Fam,2Story,2005,2006,Gable,0,750,SB,1500,2,1,3,6,0,2005,2,564,0,35,0,2006,173900
8461,1Fam,2Story,2005,2006,Gable,0,728,SB,1456,2,1,3,8,1,2005,2,390,0,24,0,2006,163990
8767,1Fam,1Story,2005,2005,Gable,24,1286,SB,1310,2,0,3,6,1,2005,2,400,0,0,0,2006,164990
8777,1Fam,2Story,1910,2000,Gable,173,166,SB,1436,2,0,3,6,0,1950,2,528,147,0,0,2006,98000
17755,1Fam,1Story,1959,1959,Gable,176,1290,SB,1466,1,1,3,6,2,1959,2,528,0,140,0,2006,149900
8877,1Fam,1Story,1951,1951,Gable,836,0,FF,1220,1,0,2,6,0,1951,2,396,0,0,0,2006,102000
7840,Duplex,SFoyer,1975,1975,Flat,976,0,SB,1012,2,0,4,4,0,0,0,0,0,0,0,2006,127500
9400,Duplex,SFoyer,1975,1975,Flat,945,0,SB,980,2,0,4,4,0,0,0,0,0,0,0,2006,127500
16133,1Fam,1Story,1969,1969,Gable,847,329,SB,1176,1,0,2,5,0,1969,1,360,0,92,0,2006,119900
7162,1Fam,2Story,2003,2004,Hip,0,796,SB,1724,2,1,3,8,1,2003,2,616,168,57,0,2006,196500
11060,1Fam,2Story,2003,2005,Gable,0,1150,SB,2314,2,1,3,9,1,2003,2,502,0,274,0,2006,229000
3675,TwnhsE,SLvl,2005,2005,Gable,547,0,SB,1072,1,0,2,5,0,2005,2,525,0,28,0,2006,145000
3675,TwnhsE,SFoyer,2005,2006,Gable,547,0,SB,1072,2,0,2,5,0,2005,2,525,0,44,0,2006,140000
3675,TwnhsE,SFoyer,2005,2006,Gable,547,0,SB,1072,1,0,2,5,0,2005,2,525,0,44,0,2006,142500
2522,Twnhs,2Story,2004,2004,Gable,0,970,SB,1709,2,0,3,7,0,2004,2,380,0,40,0,2006,134000
2522,Twnhs,2Story,2004,2004,Gable,0,970,SB,1709,2,0,3,7,0,2004,2,380,0,40,0,2006,130000
2522,Twnhs,2Story,2004,2006,Gable,0,970,SB,1709,2,0,3,7,0,2004,2,380,0,40,0,2006,130000
2522,Twnhs,2Story,2004,2004,Gable,0,970,SB,1709,2,0,3,7,0,2004,2,380,0,40,0,2006,137500
3363,TwnhsE,2Story,2004,2004,Gable,0,976,SB,1708,2,0,3,7,0,2004,2,380,0,40,0,2006,130000
6956,1Fam,1.5Fin,1948,1950,Gable,0,624,SB,936,1,0,3,5,0,1948,1,265,0,0,0,2006,97900
7822,1Fam,1.5Fin,1915,1950,Gable,0,832,FF,1338,2,0,3,7,0,1974,2,528,0,0,0,2006,92000
8707,1Fam,1.5Fin,1924,1950,Gable,0,1093,FF,1669,1,1,4,9,0,1924,1,288,0,0,0,2006,107000
8410,1Fam,1.5Fin,1910,1996,Gambrel,0,658,SB,1184,1,0,5,8,0,0,0,0,0,151,0,2006,81000
9738,1Fam,1.5Fin,1924,1950,Gable,392,392,SB,1221,1,0,4,7,0,1965,1,392,0,0,0,2006,104900
8172,1Fam,1Story,1955,1990,Hip,167,697,SB,864,1,0,2,5,0,1957,2,572,0,0,0,2006,115000
16012,1Fam,1Story,1954,1968,Hip,691,263,SB,1482,2,0,3,6,1,1956,2,609,0,30,0,2006,125000
8248,1Fam,1.5Fin,1918,1950,Gable,0,686,SB,1250,1,1,3,7,0,1955,1,280,207,0,0,2006,116000
8248,1Fam,1.5Fin,1922,1950,Gable,0,864,SB,1414,1,0,3,8,1,0,0,0,0,0,0,2006,83000
6204,1Fam,2.5Fin,1912,1950,Gable,0,795,SB,2230,1,0,5,10,0,1997,1,440,0,188,0,2006,118500
11388,1Fam,1.5Fin,1910,1993,Gable,0,616,SB,1273,1,0,3,5,0,1910,1,275,212,0,0,2006,121000
7082,2fmCon,2Story,1916,1995,Gable,0,686,SB,1928,2,0,5,10,0,0,0,0,0,0,0,2006,160000
8400,1Fam,1.5Fin,1940,2000,Gable,388,552,SB,1595,1,0,2,6,2,1940,1,240,0,0,0,2006,140000
10890,1Fam,1.5Fin,1938,1950,Gable,930,128,SB,1551,2,0,3,6,0,1938,1,240,0,0,0,2006,137000
6430,2fmCon,1.5Fin,1945,1950,Gable,780,0,FF,1340,1,0,3,6,0,1945,1,440,0,0,0,2006,128000
7000,1Fam,2Story,1926,1997,Gable,424,200,SB,1479,1,0,3,6,2,1926,1,312,530,0,0,2006,160000
13132,1Fam,2Story,1914,1950,Gable,0,747,FF,1784,1,1,4,9,0,1914,1,180,203,40,0,2006,138887
4899,1Fam,2Story,1920,1950,Gable,305,450,SB,1510,1,0,3,6,0,1920,1,216,0,0,0,2006,149000
6000,1Fam,1.5Fin,1926,1950,Gable,0,1008,SB,1522,2,0,4,7,0,0,0,0,0,0,0,2006,102000
9399,1Fam,2.5Unf,1919,1950,Gable,0,818,SB,1636,1,1,4,7,1,1919,1,288,0,0,0,2006,167000
7588,1Fam,2Story,1920,1950,Gable,352,441,SB,1802,1,1,4,9,1,1920,1,216,0,0,0,2006,200100
10164,1Fam,1.5Fin,1939,1950,Gable,646,346,SB,1465,2,0,3,6,2,1939,1,240,0,126,0,2006,131000
6191,1Fam,1.5Fin,1941,1950,Gable,384,440,SB,1288,1,0,4,6,0,1941,1,240,0,0,0,2006,112000
9550,1Fam,2Story,1915,1970,Gable,216,540,SB,1717,1,0,3,7,1,1998,3,642,0,35,0,2006,140000
21780,1Fam,2Story,1920,1950,Gable,0,817,FF,1550,1,1,3,7,1,1937,1,318,0,0,0,2006,195000
11435,1Fam,2Story,1929,1950,Gable,0,792,SB,1517,1,0,3,7,2,1931,2,400,0,0,0,2006,230000
12400,1Fam,1.5Fin,1940,1950,Gable,602,299,SB,1717,1,1,2,7,1,1940,1,410,0,0,0,2006,194000
11600,1Fam,1Story,1922,1950,Gable,0,700,SB,1180,1,0,2,5,1,1922,1,252,0,0,0,2006,137500
11500,1Fam,1.5Fin,1936,1987,Gable,223,794,SB,2057,1,1,3,6,1,1936,1,180,0,0,0,2006,250000
8170,1Fam,1.5Fin,1929,1950,Gable,526,496,FA,1671,2,0,4,7,1,1963,2,451,0,0,0,2006,218000
16560,1Fam,2Story,1932,1950,Gable,503,449,SB,2345,2,1,4,9,1,1932,2,360,0,0,0,2006,239000
12320,1Fam,2Story,1932,1990,Gable,0,637,SB,1609,1,1,3,8,2,1963,3,579,0,0,0,2006,199500
14210,1Fam,2Story,1930,1959,Gable,0,697,SB,1801,1,1,3,8,1,1930,2,365,0,90,0,2006,210000
14115,1Fam,1Story,1956,2004,Gable,296,230,SB,1811,1,0,2,6,1,1956,2,470,0,0,0,2006,230000
12984,1Fam,1Story,1977,1977,Gable,1283,0,SB,1647,2,0,3,7,1,1977,2,621,0,0,0,2006,217500
15600,1Fam,2Story,1950,1963,Gable,760,408,SB,2315,2,0,4,9,3,1950,1,342,0,0,0,2006,257000
15750,2fmCon,1Story,1953,1953,Hip,841,324,SB,1336,1,0,2,5,2,1953,1,375,0,0,0,2006,157000
16381,1Fam,1Story,1969,1969,Gable,1110,734,SB,1844,2,0,3,7,1,1969,2,540,0,73,0,2006,223000
7288,1Fam,1Story,1942,1950,Gable,305,671,SB,976,1,0,2,5,0,1942,1,215,160,0,0,2006,102000
7000,1Fam,1.5Fin,1926,1950,Hip,374,487,SB,1285,1,0,3,6,0,1950,2,506,96,0,0,2006,145400
8534,1Fam,1Story,1925,1950,Gable,0,432,FA,672,1,0,2,4,0,0,0,0,0,0,0,2006,72000
7030,1Fam,1Story,1925,1950,Gable,0,641,SB,641,1,0,2,4,0,1925,1,272,184,0,0,2006,85000
8765,1Fam,1Story,1936,1950,Gable,285,666,SB,951,1,0,2,6,0,1936,1,327,0,28,0,2006,106500
9060,1Fam,1.5Fin,1957,1957,Gable,0,967,SB,1638,2,0,4,6,0,1957,1,384,0,21,0,2006,139000
11040,1Fam,1.5Fin,1920,1950,Gable,637,0,SB,1336,1,1,3,7,0,1994,1,570,0,47,0,2006,108000
9000,2fmCon,1.5Fin,1951,1951,Gable,0,660,SB,1396,2,0,4,8,0,0,0,0,0,0,0,2006,115000
8520,1Fam,1.5Fin,1916,1950,Gable,0,216,SB,936,1,0,2,6,0,0,0,0,0,0,0,2006,78000
5748,TwnhsE,1Story,2005,2006,Hip,1573,0,SB,1778,2,0,2,5,1,2005,2,495,123,53,0,2006,375000
3842,TwnhsE,1Story,2004,2005,Hip,1564,30,SB,1646,2,0,2,5,1,2004,2,525,128,53,0,2006,3.00E+05
23580,1Fam,1Story,1979,1979,Gable,776,849,SB,1625,2,0,3,6,1,1979,2,576,136,28,0,2006,242500
8385,Duplex,1Story,1978,1978,Gable,0,1664,SB,1664,2,0,4,10,0,1978,2,616,0,0,0,2006,145000
9116,1Fam,1Story,2001,2001,Hip,0,1491,SB,1491,2,0,3,7,0,2001,2,490,120,100,0,2006,209000
10530,Duplex,SFoyer,1977,1977,Gable,975,0,SB,1004,1,0,2,4,0,1977,2,504,0,0,0,2006,135000
11080,1Fam,SLvl,1975,1975,Gable,576,552,SB,1210,2,0,3,6,0,1975,2,528,0,0,0,2006,148000
11070,Duplex,1Story,1988,1989,Gable,0,1907,SB,1959,3,0,5,9,0,1989,3,766,0,0,0,2006,171000
26178,1Fam,2Story,1989,1990,Hip,965,245,SB,2519,2,1,4,9,2,1989,2,628,320,27,0,2006,335000
50102,1Fam,1Story,1958,1958,Gable,909,723,SB,1650,1,0,2,6,2,1958,2,518,0,0,0,2006,250764
16669,1Fam,1Story,1981,1981,Hip,0,1686,SB,1707,2,1,2,6,1,1981,2,511,574,64,0,2006,228000
13811,1Fam,1Story,1987,1987,Gable,980,92,SB,1137,2,0,2,5,1,1987,2,551,125,0,0,2006,176000
8049,1Fam,1Story,1990,1990,Hip,1053,256,SB,1339,2,0,2,6,1,1990,2,484,0,58,0,2006,180000
11170,1Fam,2Story,1990,1991,Gable,1216,0,SB,2514,2,1,4,8,0,1990,2,693,0,0,0,2006,250000
8098,1Fam,1Story,2000,2000,Gable,1136,129,SB,1403,2,0,2,5,0,2000,2,470,0,173,0,2006,202000
14331,1Fam,1Story,2002,2002,Hip,1274,526,SB,1800,2,0,3,7,1,2002,3,765,270,78,0,2006,312500
13618,1Fam,1Story,2005,2006,Gable,1350,378,SB,1960,2,0,3,8,2,2005,3,714,172,38,0,2006,320000
11443,1Fam,1Story,2005,2006,Hip,1460,408,SB,2028,2,0,2,7,2,2005,3,880,326,66,0,2006,369900
11577,1Fam,1Story,2005,2006,Hip,1455,383,SB,1838,2,0,3,9,1,2005,3,682,161,225,0,2006,359900
31250,1Fam,1Story,1951,1951,Gable,0,0,FA,1600,1,1,3,6,0,1951,1,270,0,0,0,2006,81500
7020,Duplex,SFoyer,1997,1997,Gable,1243,45,SB,1368,2,0,2,8,0,1997,4,784,0,48,0,2006,215000
4500,Twnhs,1Story,1998,1998,Hip,897,319,SB,1216,2,0,2,5,0,1998,2,402,0,125,0,2006,164000
4500,TwnhsE,1Story,1998,1998,Hip,1201,36,SB,1337,2,0,2,5,0,1998,2,405,0,199,0,2006,153500
17217,1Fam,1Story,2006,2006,Gable,0,1140,SB,1140,1,0,3,6,0,0,0,0,36,56,0,2006,84500
2665,TwnhsE,2Story,1977,1977,Gable,0,264,SB,1304,1,1,3,5,1,1977,1,336,141,0,0,2006,104500
2665,TwnhsE,2Story,1977,1977,Gable,548,36,SB,1475,2,0,4,6,1,1977,1,336,104,26,0,2006,127000
3964,TwnhsE,2Story,1973,1973,Gable,837,105,SB,2521,2,1,5,10,1,1973,2,576,728,20,0,2006,151400
10172,1Fam,1Story,1968,2003,Gable,441,423,SB,874,1,0,3,5,0,1968,1,288,0,120,0,2006,126500
11836,Duplex,1Story,1970,1970,Gable,149,1503,SB,1652,2,0,4,8,0,1970,3,928,0,0,0,2006,146500
1470,Twnhs,SFoyer,1970,1970,Gable,522,108,SB,630,1,0,1,3,0,0,0,0,0,0,0,2006,73000
1484,TwnhsE,2Story,1972,1972,Gable,252,294,SB,1092,1,1,3,5,0,1972,1,253,0,0,0,2006,79400
13384,1Fam,1Story,1969,1979,Gable,119,641,SB,1360,1,0,3,8,1,1969,1,336,160,0,0,2006,140000
1533,Twnhs,SFoyer,1970,1970,Gable,553,77,SB,630,1,0,1,3,0,0,0,0,0,0,0,2006,92000
1533,Twnhs,2Story,1970,1970,Gable,408,138,SB,1092,1,1,3,5,0,1970,1,286,0,0,0,2006,87550
1526,Twnhs,2Story,1970,1970,Gable,0,546,SB,1092,1,1,3,5,0,0,0,0,0,34,0,2006,79500
1936,Twnhs,2Story,1970,1970,Gable,0,546,SB,1092,1,1,3,5,0,0,0,0,0,0,0,2006,90500
1894,TwnhsE,2Story,1970,1970,Gable,252,294,SB,1092,1,1,3,6,0,1970,1,286,0,24,0,2006,71000
12640,Duplex,1Story,1976,1976,Gable,936,396,SB,1728,2,0,4,8,0,1976,2,574,40,0,0,2006,150900
9297,Duplex,1Story,1976,1976,Gable,1606,122,SB,1728,2,0,4,8,0,1976,2,560,0,0,0,2006,188000
17400,1Fam,1Story,1977,1977,Gable,936,190,SB,1126,2,0,3,5,1,1977,2,484,295,41,0,2006,160000
20000,1Fam,1Story,1960,1996,Gable,1224,0,SB,1224,1,0,4,7,1,1960,2,576,474,0,0,2006,131000
7937,1Fam,SLvl,1984,1984,Gable,819,184,SB,1003,1,0,3,6,0,1984,2,588,120,0,0,2006,142500
8885,1Fam,1Story,1983,1983,Gable,301,239,SB,902,1,0,2,5,0,1983,2,484,164,0,0,2006,131000
10441,1Fam,SFoyer,1992,1992,Gable,337,575,SB,970,1,0,3,6,0,0,0,0,80,32,0,2006,132000
10010,1Fam,1Story,1974,1975,Gable,1071,195,SB,1389,1,0,2,6,1,1975,2,418,240,38,0,2006,170000
9627,1Fam,2Story,1993,1994,Gable,758,238,SB,2000,2,1,3,9,1,1993,3,650,190,48,0,2006,188000